,id,date,team1,team2,score1,score2,vegas_spread,money_line1,money_line2,over_under,elo_prob1,raptor_prob1,elo_spread,raptor_spread
0,0,2019-10-22,TOR,NO,130,122,-6.5,-280,230,229.5,0.8868,0.7002,-13.0,-5.5
1,1,2019-10-22,LAC,LAL,112,102,3.5,150,-180,224.0,0.6958,0.5666,-5.0,-1.5
2,2,2019-10-23,IND,DET,110,119,-7.0,-300,240,211.0,0.6835,0.7627,-5.0,-7.0
3,3,2019-10-23,ORL,CLE,94,85,-9.5,-550,400,211.5,0.8443,0.8311,-10.5,-10.0
4,4,2019-10-23,CHA,CHI,126,125,3.5,145,-170,216.5,0.8055,0.4885,-9.0,0.5
5,5,2019-10-23,PHI,BOS,107,93,-5.5,-240,190,214.5,0.6462,0.7343,-3.5,-6.5
6,6,2019-10-23,MIA,MEM,120,101,-6.5,-300,240,213.0,0.6909,0.6887,-5.0,-5.0
7,7,2019-10-23,BKN,MIN,126,127,-3.5,-165,142,229.0,0.678,0.5387,-4.5,-1.0
8,8,2019-10-23,SA,NY,120,111,-11.0,-750,525,214.5,0.8729,0.8546,-12.0,-11.0
9,9,2019-10-23,DAL,WAS,108,100,-9.0,-450,350,220.0,0.6755,0.8083,-4.5,-9.0
10,10,2019-10-23,UTA,OKC,100,95,-9.0,-500,375,221.5,0.6962,0.7405,-5.0,-6.5
11,11,2019-10-23,PHX,SAC,124,95,1.0,-105,-115,232.5,0.457,0.6794,1.0,-4.5
12,12,2019-10-23,POR,DEN,100,108,1.5,100,-120,217.5,0.6617,0.4688,-4.0,1.0
13,13,2019-10-24,DET,ATL,100,117,-1.5,-125,105,221.5,0.7239,0.5809,-6.0,-2.0
14,14,2019-10-24,HOU,MIL,111,117,-1.5,-120,100,231.0,0.6531,0.7307,-4.0,-6.0
15,15,2019-10-24,GS,LAC,122,141,0.0,-110,-110,229.5,0.7724,0.6687,-7.5,-4.5
16,16,2019-10-25,BOS,TOR,112,106,-2.5,-140,120,213.0,0.4925,0.6258,0.0,-3.0
17,17,2019-10-25,CHA,MIN,99,121,5.0,180,-220,225.0,0.6751,0.3335,-4.5,4.5
18,18,2019-10-25,BKN,NY,113,109,-8.0,-360,280,228.0,0.8267,0.8543,-9.5,-11.0
19,19,2019-10-25,OKC,WAS,85,97,-8.5,-400,300,218.0,0.7784,0.809,-8.0,-9.0
20,20,2019-10-25,NO,DAL,116,123,-2.0,-130,110,227.0,0.5661,0.563,-1.5,-1.5
21,21,2019-10-25,MEM,CHI,102,110,2.0,105,-125,224.0,0.7609,0.6278,-7.0,-3.0
22,22,2019-10-25,DEN,PHX,108,107,-12.0,-1000,650,219.5,0.8744,0.8379,-12.0,-10.0
23,23,2019-10-25,SAC,POR,112,122,1.0,100,-120,227.5,0.436,0.5739,1.5,-2.0
24,24,2019-10-25,LAL,UTA,95,86,-3.5,-160,140,215.5,0.4538,0.6543,1.0,-4.0
25,25,2019-10-26,MIL,MIA,126,131,-11.5,-800,550,223.0,0.8051,0.8826,-9.0,-12.5
26,26,2019-10-26,DET,PHI,111,117,4.5,160,-190,213.0,0.4646,0.4476,1.0,1.5
27,27,2019-10-26,NY,BOS,95,118,5.5,190,-240,218.5,0.2827,0.2683,6.0,6.0
28,28,2019-10-26,ATL,ORL,103,99,2.5,115,-135,216.5,0.503,0.4577,0.0,1.0
29,29,2019-10-26,CLE,IND,110,99,4.5,160,-190,213.0,0.432,0.4235,1.5,2.0
30,30,2019-10-26,CHI,TOR,84,108,3.0,135,-155,219.5,0.2391,0.4933,7.0,0.0
31,31,2019-10-26,HOU,NO,126,123,-12.0,-1000,650,238.5,0.8749,0.8723,-12.0,-12.0
32,32,2019-10-26,SA,WAS,124,122,-11.5,-1000,650,219.5,0.7645,0.7871,-7.5,-8.0
33,33,2019-10-26,UTA,SAC,113,81,-9.0,-450,350,221.5,0.8109,0.8117,-9.0,-9.0
34,34,2019-10-26,PHX,LAC,130,122,10.0,400,-550,225.5,0.3725,0.4105,3.0,2.0
35,35,2019-10-27,OKC,GS,120,92,-1.0,-120,100,224.0,0.5296,0.6017,-0.5,-2.5
36,36,2019-10-27,MEM,BKN,134,133,4.0,150,-180,224.0,0.562,0.5832,-1.5,-2.0
37,37,2019-10-27,MIN,MIA,116,109,-7.0,-300,240,224.0,0.6079,0.8704,-2.5,-12.0
38,38,2019-10-27,DAL,POR,119,121,-2.5,-145,125,219.0,0.4707,0.6955,0.5,-5.0
39,39,2019-10-27,LAL,CHA,120,101,-13.0,-1400,800,216.5,0.6479,0.9034,-4.0,-14.0
40,40,2019-10-28,DET,IND,96,94,2.0,110,-130,213.0,0.6097,0.4973,-3.0,0.0
41,41,2019-10-28,NY,CHI,105,98,2.0,115,-135,224.0,0.5694,0.3952,-1.5,2.5
42,42,2019-10-28,ATL,PHI,103,105,6.5,230,-280,221.0,0.4372,0.2957,1.5,5.5
43,43,2019-10-28,TOR,ORL,104,95,-5.0,-210,175,209.0,0.7946,0.6922,-8.5,-5.0
44,44,2019-10-28,NO,GS,123,134,-2.5,-140,120,235.5,0.3826,0.5978,3.0,-2.5
45,45,2019-10-28,MIL,CLE,129,112,-15.5,-3000,1200,224.5,0.899,0.894,-13.5,-13.0
46,46,2019-10-28,HOU,OKC,116,112,-10.0,-600,425,228.0,0.7574,0.8416,-7.0,-10.5
47,47,2019-10-28,SA,POR,113,110,-6.0,-250,200,223.0,0.5793,0.651,-2.0,-4.0
48,48,2019-10-28,PHX,UTA,95,96,5.0,160,-190,213.5,0.3308,0.4947,4.5,0.0
49,49,2019-10-28,SAC,DEN,94,101,5.5,180,-220,218.0,0.3987,0.3959,2.5,2.5
50,50,2019-10-28,LAC,CHA,111,96,-15.5,-3000,1200,228.0,0.7352,0.8977,-6.5,-13.5
51,51,2019-10-29,MIA,ATL,112,97,-8.5,-400,300,223.0,0.7217,0.8029,-6.0,-8.5
52,52,2019-10-29,DEN,DAL,106,109,-5.5,-230,185,212.5,0.7929,0.7245,-8.5,-6.0
53,53,2019-10-29,LAL,MEM,120,91,-11.5,-850,575,215.0,0.7049,0.8242,-5.5,-9.5
54,54,2019-10-30,ORL,NY,95,83,-9.5,-500,375,209.5,0.8649,0.8773,-11.5,-12.0
55,55,2019-10-30,PHI,MIN,117,95,-7.0,-310,250,222.5,0.7575,0.7312,-7.0,-6.0
56,56,2019-10-30,CLE,CHI,117,111,2.0,110,-130,216.5,0.6491,0.4994,-4.0,0.0
57,57,2019-10-30,TOR,DET,125,113,-9.5,-500,375,214.0,0.8598,0.8351,-11.5,-10.0
58,58,2019-10-30,BKN,IND,108,118,-3.0,-150,130,220.5,0.6518,0.6317,-4.0,-3.5
59,59,2019-10-30,BOS,MIL,116,105,3.5,142,-165,224.0,0.5633,0.473,-1.5,0.5
60,60,2019-10-30,WAS,HOU,158,159,8.0,275,-350,234.0,,,,
61,61,2019-10-30,OKC,POR,99,102,1.5,100,-120,221.5,0.5638,0.6307,-1.5,-3.5
62,62,2019-10-30,SAC,CHA,111,118,-7.5,-350,275,223.5,0.5943,0.7837,-2.5,-8.0
63,63,2019-10-30,UTA,LAC,110,96,-7.0,-280,230,216.5,0.7064,0.7226,-5.5,-6.0
64,64,2019-10-30,GS,PHX,110,121,-5.5,-230,185,230.5,0.8651,0.6511,-11.5,-4.0
65,65,2019-10-31,ATL,MIA,97,106,6.5,220,-270,215.5,0.5305,0.4629,-1.0,1.0
66,66,2019-10-31,NO,DEN,122,107,4.0,150,-180,223.5,0.3594,0.4569,3.5,1.0
67,67,2019-10-31,LAC,SA,103,97,-5.0,-200,170,229.0,0.6084,0.6873,-2.5,-5.0
68,68,2019-11-01,BKN,HOU,123,116,4.5,160,-190,244.0,0.3924,0.3346,2.5,4.5
69,69,2019-11-01,ORL,MIL,91,123,4.5,160,-190,215.0,0.5082,0.4897,0.0,0.5
70,70,2019-11-01,IND,CLE,102,95,-7.5,-330,260,215.0,0.7899,0.7409,-8.0,-6.5
71,71,2019-11-01,BOS,NY,104,102,-10.5,-700,500,212.0,0.9015,0.8959,-13.5,-13.5
72,72,2019-11-01,CHI,DET,112,106,-3.5,-165,142,216.0,0.4797,0.7273,0.5,-6.0
73,73,2019-11-01,DAL,LAL,110,119,1.5,105,-125,217.0,0.6189,0.5944,-3.0,-2.5
74,74,2019-11-01,SAC,UTA,102,101,5.0,175,-210,214.0,0.3687,0.436,3.5,1.5
75,75,2019-11-01,GS,SA,110,127,7.0,240,-300,223.0,0.655,0.5856,-4.0,-2.0
76,76,2019-11-02,OKC,NO,115,104,-2.0,-130,110,228.0,0.7823,0.6529,-8.0,-4.0
77,77,2019-11-02,DET,BKN,113,109,4.0,150,-180,222.5,0.5978,0.5184,-2.5,-0.5
78,78,2019-11-02,ORL,DEN,87,91,4.0,150,-180,199.5,0.5553,0.3948,-1.5,2.5
79,79,2019-11-02,MEM,PHX,105,114,3.0,130,-150,221.5,0.678,0.5587,-4.5,-1.5
80,80,2019-11-02,WAS,MIN,109,131,-3.0,-150,130,229.5,,,,
81,81,2019-11-02,MIL,TOR,115,105,-6.0,-260,210,226.5,0.6074,0.6609,-2.5,-4.0
82,82,2019-11-02,GS,CHA,87,93,6.0,205,-255,221.0,0.7389,0.6719,-6.5,-4.5
83,83,2019-11-02,POR,PHI,128,129,-1.0,-115,-105,223.5,0.6335,0.4594,-3.5,1.0
84,84,2019-11-03,IND,CHI,108,95,-2.0,-130,110,217.0,0.8009,0.5906,-8.5,-2.5
85,85,2019-11-03,MIA,HOU,129,100,3.0,135,-155,233.5,0.4932,0.2482,0.0,7.0
86,86,2019-11-03,NY,SAC,92,113,1.0,-105,-115,213.5,0.4901,0.3486,0.0,4.0
87,87,2019-11-03,SA,LAL,96,103,1.0,100,-120,217.5,0.7213,0.4413,-6.0,1.5
88,88,2019-11-03,CLE,DAL,111,131,5.5,180,-220,218.5,0.484,0.3487,0.5,4.0
89,89,2019-11-03,LAC,UTA,105,94,-4.5,-200,170,214.0,0.5647,0.5686,-1.5,-1.5
90,90,2019-11-04,WAS,DET,115,99,-4.0,-180,150,225.5,,,,
91,91,2019-11-04,BKN,NO,135,125,-3.5,-170,145,238.5,0.7254,0.6068,-6.0,-2.5
92,92,2019-11-04,MIN,MIL,106,134,7.5,260,-330,229.5,0.4338,0.4262,1.5,2.0
93,93,2019-11-04,MEM,HOU,100,107,5.5,190,-240,230.0,0.3542,0.3638,3.5,3.5
94,94,2019-11-04,PHX,PHI,114,109,0.0,-110,-110,224.0,0.3554,0.5662,3.5,-1.5
95,95,2019-11-04,GS,POR,127,118,12.0,600,-900,220.0,0.55,0.2036,-1.0,8.5
96,96,2019-11-05,CLE,BOS,113,119,6.0,210,-260,215.5,0.294,0.3675,5.5,3.5
97,97,2019-11-05,CHA,IND,122,120,2.5,115,-135,212.5,0.6127,0.4787,-3.0,0.5
98,98,2019-11-05,ATL,SA,108,100,5.5,190,-240,222.5,0.4555,0.445,1.0,1.5
99,99,2019-11-05,OKC,ORL,102,94,-2.5,-145,125,201.0,0.6814,0.6558,-4.5,-4.0
100,100,2019-11-05,CHI,LAL,112,118,7.0,250,-310,215.5,0.3916,0.4447,2.5,1.5
101,101,2019-11-05,DEN,MIA,109,89,-5.0,-220,180,211.0,0.6782,0.8477,-4.5,-10.5
102,102,2019-11-06,DET,NY,122,102,-3.5,-165,142,206.0,0.8104,0.7816,-9.0,-8.0
103,103,2019-11-06,IND,WAS,121,106,-3.0,-150,130,227.0,0.7151,0.597,-5.5,-2.5
104,104,2019-11-06,TOR,SAC,124,120,-8.0,-350,275,219.0,0.8757,0.7452,-12.0,-6.5
105,105,2019-11-06,HOU,GS,129,112,-16.0,-2500,1100,229.0,0.7369,0.9693,-6.5,-21.5
106,106,2019-11-06,ATL,CHI,93,113,0.0,-110,-110,221.5,0.7583,0.4691,-7.0,1.0
107,107,2019-11-06,MEM,MIN,137,121,3.5,145,-170,224.5,0.508,0.4837,0.0,0.5
108,108,2019-11-06,DAL,ORL,107,106,-7.0,-310,250,207.5,0.6187,0.7569,-3.0,-7.0
109,109,2019-11-06,UTA,PHI,106,104,-3.0,-150,130,209.0,0.6203,0.6261,-3.0,-3.0
110,110,2019-11-06,LAC,MIL,124,129,6.5,220,-270,228.5,0.4607,0.5414,1.0,-1.0
111,111,2019-11-07,CHA,BOS,87,108,7.0,250,-310,214.5,0.4753,0.2935,0.5,5.5
112,112,2019-11-07,SA,OKC,121,112,-5.0,-200,170,211.5,0.6513,0.5731,-4.0,-2.0
113,113,2019-11-07,PHX,MIA,108,124,-2.0,-130,110,220.0,0.4663,0.657,1.0,-4.0
114,114,2019-11-07,LAC,POR,107,101,-5.5,-240,190,231.0,0.5817,0.7182,-2.0,-6.0
115,115,2019-11-08,IND,DET,112,106,-6.0,-260,210,210.0,0.7058,0.6926,-5.5,-5.0
116,116,2019-11-08,WAS,CLE,100,113,-4.5,-190,160,233.0,,,,
117,117,2019-11-08,ORL,MEM,118,86,-7.5,-330,260,208.5,0.7384,0.7184,-6.5,-6.0
118,118,2019-11-08,ATL,SAC,109,121,3.0,130,-150,225.5,0.6146,0.4879,-3.0,0.5
119,119,2019-11-08,MIN,GS,125,119,-11.5,-750,525,228.5,0.5728,0.9322,-2.0,-16.5
120,120,2019-11-08,NO,TOR,104,122,2.5,115,-135,232.5,0.2739,0.4938,6.0,0.0
121,121,2019-11-08,DAL,NY,102,106,-11.0,-700,500,215.5,0.8498,0.9304,-11.0,-16.0
122,122,2019-11-08,UTA,MIL,103,100,2.0,115,-135,217.5,0.5086,0.6344,0.0,-3.5
123,123,2019-11-08,DEN,PHI,100,97,-5.0,-220,180,211.5,0.6292,0.6308,-3.5,-3.5
124,124,2019-11-08,POR,BKN,115,119,-3.5,-170,145,239.5,0.7606,0.6301,-7.0,-3.5
125,125,2019-11-08,LAL,MIA,95,80,-8.5,-425,325,218.0,0.6059,0.7752,-2.5,-7.5
126,126,2019-11-09,SA,BOS,115,135,-1.5,-125,105,218.5,0.5624,0.4396,-1.5,1.5
127,127,2019-11-09,CHA,NO,110,115,1.5,105,-125,232.0,0.727,0.4945,-6.0,0.0
128,128,2019-11-09,OKC,GS,114,108,-12.5,-900,600,216.0,0.6529,0.9273,-4.0,-16.0
129,129,2019-11-09,MEM,DAL,122,138,5.5,190,-240,222.0,0.5482,0.4227,-1.0,2.0
130,130,2019-11-09,CHI,HOU,94,117,6.5,225,-275,234.0,0.2918,0.2782,5.5,6.0
131,131,2019-11-10,MIN,DEN,98,100,4.0,150,-180,219.0,0.4936,0.5169,0.0,-0.5
132,132,2019-11-10,ORL,IND,102,109,-4.5,-200,170,202.5,0.6439,0.7641,-3.5,-7.5
133,133,2019-11-10,PHI,CHA,114,106,-14.0,-1200,750,213.5,0.8012,0.9434,-8.5,-17.5
134,134,2019-11-10,OKC,MIL,119,121,9.0,325,-425,219.5,0.445,0.297,1.5,5.5
135,135,2019-11-10,NY,CLE,87,108,-2.0,-130,110,213.0,0.5587,0.4269,-1.5,2.0
136,136,2019-11-10,PHX,BKN,138,112,-3.0,-150,130,231.5,0.5196,0.7047,-0.5,-5.5
137,137,2019-11-10,POR,ATL,124,113,-9.0,-425,325,226.0,0.8293,0.8327,-10.0,-10.0
138,138,2019-11-10,LAL,TOR,104,113,-10.5,-650,450,210.5,0.4442,0.8276,1.5,-9.5
139,139,2019-11-11,DET,MIN,114,120,-4.0,-185,155,223.5,0.5843,0.5557,-2.0,-1.5
140,140,2019-11-11,BOS,DAL,116,106,-3.0,-145,125,220.0,0.803,0.6623,-8.5,-4.0
141,141,2019-11-11,SA,MEM,109,113,-10.5,-650,450,224.0,0.8062,0.6787,-9.0,-4.5
142,142,2019-11-11,NO,HOU,116,122,7.5,275,-350,242.5,0.3234,0.3473,4.5,4.0
143,143,2019-11-11,GS,UTA,108,122,8.0,300,-400,211.5,0.5361,0.1851,-1.0,9.0
144,144,2019-11-11,LAC,TOR,98,88,-10.0,-500,375,221.5,0.4485,0.8427,1.5,-10.5
145,145,2019-11-12,PHI,CLE,98,97,-11.0,-750,525,220.5,0.8628,0.8304,-11.5,-10.0
146,146,2019-11-12,IND,OKC,111,85,-1.5,-120,100,212.5,0.6124,0.5356,-3.0,-1.0
147,147,2019-11-12,MIA,DET,117,108,-8.5,-400,300,215.0,0.77,0.7736,-7.5,-7.5
148,148,2019-11-12,CHI,NY,120,102,-6.5,-275,225,212.0,0.7396,0.8089,-6.5,-9.0
149,149,2019-11-12,PHX,LAL,115,123,3.5,142,-165,221.0,0.4902,0.5226,0.0,-0.5
150,150,2019-11-12,DEN,ATL,121,125,-10.5,-650,450,209.5,0.8541,0.9286,-11.0,-16.0
151,151,2019-11-12,UTA,BKN,119,114,-7.0,-300,240,220.0,0.7966,0.8335,-8.5,-10.0
152,152,2019-11-12,SAC,POR,107,99,1.5,105,-125,222.5,0.4597,0.5918,1.0,-2.5
153,153,2019-11-13,ORL,PHI,112,97,-2.0,-130,110,207.5,0.4955,0.6929,0.0,-5.0
154,154,2019-11-13,CHA,MEM,117,119,-2.5,-140,120,221.0,0.6992,0.5407,-5.0,-1.0
155,155,2019-11-13,HOU,LAC,102,93,-2.0,-135,115,233.5,0.7339,0.6823,-6.5,-4.5
156,156,2019-11-13,BOS,WAS,140,133,-7.0,-310,250,230.0,0.8703,0.8345,-12.0,-10.0
157,157,2019-11-13,MIN,SA,129,114,-1.5,-120,100,228.5,0.5986,0.769,-2.5,-7.5
158,158,2019-11-13,POR,TOR,106,114,-3.5,-160,140,218.5,0.4825,0.5823,0.5,-2.0
159,159,2019-11-13,LAL,GS,120,94,-9.0,-450,350,219.0,0.6821,0.7924,-4.5,-8.5
160,160,2019-11-14,CLE,MIA,97,108,4.5,170,-200,215.0,0.3992,0.4973,2.5,0.0
161,161,2019-11-14,MIL,CHI,124,115,-11.5,-800,550,228.5,0.916,0.9052,-15.0,-14.0
162,162,2019-11-14,NY,DAL,106,103,8.0,270,-340,214.5,0.3446,0.1888,4.0,9.0
163,163,2019-11-14,NO,LAC,132,127,4.0,160,-190,233.0,0.4194,0.6393,2.0,-3.5
164,164,2019-11-14,PHX,ATL,128,112,-8.0,-340,270,229.5,0.6518,0.8662,-4.0,-11.5
165,165,2019-11-14,DEN,BKN,101,93,-7.5,-350,275,222.5,0.7741,0.8725,-7.5,-12.0
166,166,2019-11-15,CHA,DET,109,106,4.0,150,-180,220.5,0.6544,0.4632,-4.0,1.0
167,167,2019-11-15,ORL,SA,111,109,-2.5,-145,125,211.0,0.6323,0.8202,-3.5,-9.5
168,168,2019-11-15,MIN,WAS,116,137,-6.0,-250,200,239.5,0.7611,0.8059,-7.0,-9.0
169,169,2019-11-15,HOU,IND,111,102,-6.0,-260,210,226.5,0.7729,0.8546,-7.5,-11.0
170,170,2019-11-15,OKC,PHI,127,119,3.5,140,-160,214.5,0.5536,0.3842,-1.5,3.0
171,171,2019-11-15,MEM,UTA,107,106,8.0,275,-350,215.0,0.3573,0.3574,3.5,3.5
172,172,2019-11-15,GS,BOS,100,105,7.0,250,-310,223.0,0.4402,0.3428,1.5,4.0
173,173,2019-11-15,LAL,SAC,99,97,-10.5,-600,425,214.0,0.756,0.8157,-7.0,-9.0
174,174,2019-11-16,CHI,BKN,111,117,-4.0,-180,150,225.0,0.5,0.7272,0.0,-6.0
175,175,2019-11-16,IND,MIL,83,102,7.5,260,-330,220.0,0.4175,0.2639,2.0,6.5
176,176,2019-11-16,NY,CHA,102,103,-4.0,-180,150,213.0,0.4088,0.5843,2.5,-2.0
177,177,2019-11-16,MIN,HOU,105,125,-2.0,-135,115,231.5,0.3963,0.5852,2.5,-2.0
178,178,2019-11-16,MIA,NO,109,94,-8.0,-330,260,226.5,0.8054,0.7678,-9.0,-7.5
179,179,2019-11-16,DAL,TOR,110,102,-4.5,-185,155,218.0,0.351,0.758,4.0,-7.0
180,180,2019-11-16,SA,POR,116,121,-1.5,-130,110,226.0,0.5821,0.489,-2.0,0.5
181,181,2019-11-16,LAC,ATL,150,101,-9.0,-500,375,224.0,0.8102,0.8558,-9.0,-11.0
182,182,2019-11-17,CLE,PHI,95,114,7.5,250,-310,216.0,0.3495,0.2934,4.0,5.5
183,183,2019-11-17,SAC,BOS,100,99,2.5,125,-145,215.0,0.3721,0.5021,3.0,0.0
184,184,2019-11-17,MEM,DEN,114,131,6.5,225,-275,215.0,0.398,0.4296,2.5,2.0
185,185,2019-11-17,ORL,WAS,125,121,-5.5,-240,190,226.0,0.7361,0.7857,-6.5,-8.0
186,186,2019-11-17,NO,GS,108,100,-3.5,-160,140,226.5,0.5228,0.7628,-0.5,-7.0
187,187,2019-11-17,LAL,ATL,122,101,-14.5,-1600,900,220.5,0.822,0.9314,-9.5,-16.0
188,188,2019-11-18,NY,CLE,123,105,-5.5,-240,190,210.0,0.5275,0.4764,-0.5,0.5
189,189,2019-11-18,BKN,IND,86,115,-2.5,-140,120,214.0,0.5865,0.6287,-2.0,-3.5
190,190,2019-11-18,TOR,CHA,132,96,-8.5,-400,300,214.5,0.8647,0.8078,-11.5,-9.0
191,191,2019-11-18,CHI,MIL,101,115,8.5,300,-400,231.0,0.2028,0.2454,8.5,7.0
192,192,2019-11-18,HOU,POR,132,108,-7.0,-310,250,231.0,0.7563,0.8232,-7.0,-9.5
193,193,2019-11-18,DAL,SA,117,110,-5.0,-200,170,224.0,0.6223,0.8345,-3.0,-10.0
194,194,2019-11-18,UTA,MIN,102,112,-9.5,-500,375,219.5,0.804,0.8207,-9.0,-9.5
195,195,2019-11-18,PHX,BOS,85,99,-2.5,-135,115,226.0,0.3419,0.7003,4.0,-5.5
196,196,2019-11-18,LAC,OKC,90,88,-7.5,-400,300,221.5,0.6778,0.693,-4.5,-5.0
197,197,2019-11-19,NO,POR,115,104,-3.5,-160,140,231.5,0.4419,0.7633,1.5,-7.5
198,198,2019-11-19,MEM,GS,95,114,-6.0,-260,210,221.5,0.5344,0.7965,-1.0,-8.5
199,199,2019-11-19,SAC,PHX,120,116,-3.0,-155,135,219.0,0.6936,0.608,-5.0,-2.5
200,200,2019-11-19,LAL,OKC,112,107,-11.0,-700,500,209.5,0.6798,0.7992,-4.5,-8.5
201,201,2019-11-20,PHI,NY,109,104,-12.5,-900,600,210.5,0.9067,0.9373,-14.0,-17.0
202,202,2019-11-20,WAS,SA,138,132,2.0,110,-130,237.5,,,,
203,203,2019-11-20,MIA,CLE,124,100,-9.5,-500,375,213.5,0.8607,0.8028,-11.5,-8.5
204,204,2019-11-20,ATL,MIL,127,135,11.0,500,-700,232.0,0.2207,0.1842,8.0,9.0
205,205,2019-11-20,DAL,GS,142,94,-15.0,-1600,900,216.0,0.6363,0.9651,-3.5,-20.5
206,206,2019-11-20,BKN,CHA,101,91,-4.5,-190,160,219.0,0.6473,0.6858,-4.0,-5.0
207,207,2019-11-20,TOR,ORL,113,97,-3.0,-150,130,207.0,0.8177,0.5769,-9.5,-2.0
208,208,2019-11-20,CHI,DET,109,89,1.0,-105,-115,222.5,0.5398,0.5964,-1.0,-2.5
209,209,2019-11-20,MIN,UTA,95,103,3.0,130,-150,222.0,0.4947,0.567,0.0,-1.5
210,210,2019-11-20,DEN,HOU,105,95,-1.5,-125,105,221.5,0.5459,0.5474,-1.0,-1.0
211,211,2019-11-20,LAC,BOS,107,104,-7.0,-300,240,217.0,0.5231,0.7994,-0.5,-8.5
212,212,2019-11-21,MIL,POR,137,129,-14.0,-1200,750,228.5,0.8196,0.918,-9.5,-15.0
213,213,2019-11-21,PHX,NO,121,124,-3.0,-155,135,234.0,0.621,0.7421,-3.0,-6.5
214,214,2019-11-22,DET,ATL,128,103,-6.0,-265,215,226.5,0.6833,0.7135,-5.0,-5.5
215,215,2019-11-22,WAS,CHA,125,118,-6.0,-250,200,234.5,,,,
216,216,2019-11-22,BKN,SAC,116,97,-2.0,-135,115,214.0,0.6317,0.516,-3.5,-0.5
217,217,2019-11-22,PHI,SA,115,104,-7.0,-300,240,221.0,0.7576,0.8799,-7.0,-12.5
218,218,2019-11-22,CHI,MIA,108,116,4.5,160,-190,217.0,0.366,0.4654,3.5,1.0
219,219,2019-11-22,OKC,LAL,127,130,4.5,170,-200,209.5,0.587,0.5371,-2.0,-1.0
220,220,2019-11-22,DAL,CLE,143,101,-10.0,-650,450,221.5,0.8304,0.8388,-10.0,-10.0
221,221,2019-11-22,DEN,BOS,96,92,-5.0,-210,175,206.5,0.5959,0.7052,-2.5,-5.5
222,222,2019-11-22,UTA,GS,113,109,-16.0,-3500,1300,208.5,0.7777,0.9728,-8.0,-22.0
223,223,2019-11-22,LAC,HOU,122,119,-5.5,-210,175,226.5,0.5136,0.679,-0.5,-4.5
224,224,2019-11-23,MIN,PHX,98,100,-4.5,-200,170,234.5,0.7248,0.6332,-6.0,-3.5
225,225,2019-11-23,CHA,CHI,115,116,2.0,110,-130,219.5,0.7236,0.4776,-6.0,0.5
226,226,2019-11-23,IND,ORL,111,106,-6.5,-275,225,201.5,0.6781,0.6117,-4.5,-3.0
227,227,2019-11-23,PHI,MIA,113,86,-5.5,-250,200,211.5,0.6679,0.7177,-4.5,-6.0
228,228,2019-11-23,NY,SA,104,111,3.0,135,-155,217.0,0.3674,0.5629,3.5,-1.5
229,229,2019-11-23,ATL,TOR,116,119,7.5,260,-330,223.5,0.2276,0.3345,7.5,4.5
230,230,2019-11-23,MEM,LAL,108,109,8.0,280,-360,225.5,0.3853,0.3962,3.0,2.5
231,231,2019-11-23,CLE,POR,110,104,6.5,225,-275,226.0,0.3513,0.5677,4.0,-1.5
232,232,2019-11-23,MIL,DET,104,90,-13.0,-1200,750,225.5,0.9013,0.8969,-13.5,-13.5
233,233,2019-11-23,UTA,NO,128,120,-5.5,-240,190,226.0,0.8197,0.7298,-9.5,-6.0
234,234,2019-11-24,HOU,DAL,123,137,-5.5,-240,190,230.0,0.7882,0.7473,-8.0,-6.5
235,235,2019-11-24,WAS,SAC,106,113,-2.5,-135,115,233.0,,,,
236,236,2019-11-24,NY,BKN,101,103,2.5,115,-135,215.0,0.386,0.4054,3.0,2.5
237,237,2019-11-24,DEN,PHX,116,104,-11.0,-700,500,214.0,0.8489,0.8389,-10.5,-10.0
238,238,2019-11-24,LAC,NO,134,109,-13.0,-1200,750,233.0,0.8003,0.8786,-8.5,-12.5
239,239,2019-11-25,DET,ORL,103,88,-4.5,-190,160,207.5,0.5211,0.5511,-0.5,-1.5
240,240,2019-11-25,IND,MEM,126,114,-9.5,-500,375,217.0,0.8166,0.7098,-9.5,-5.5
241,241,2019-11-25,CLE,BKN,106,108,-1.0,-120,100,218.5,0.4629,0.6544,1.0,-4.0
242,242,2019-11-25,TOR,PHI,101,96,1.5,105,-125,212.0,0.7352,0.4486,-6.5,1.5
243,243,2019-11-25,BOS,SAC,103,102,-6.0,-290,235,205.5,0.8286,0.8045,-10.0,-9.0
244,244,2019-11-25,MIA,CHA,117,100,-10.5,-700,500,212.5,0.7947,0.8421,-8.5,-10.5
245,245,2019-11-25,ATL,MIN,113,125,4.5,160,-190,236.5,0.5006,0.4488,0.0,1.5
246,246,2019-11-25,MIL,UTA,122,118,-8.5,-425,325,226.5,0.7695,0.7216,-7.5,-6.0
247,247,2019-11-25,CHI,POR,94,117,1.0,100,-120,225.5,0.4173,0.6297,2.0,-3.5
248,248,2019-11-25,SA,LAL,104,114,4.5,170,-200,222.5,0.5278,0.3167,-0.5,5.0
249,249,2019-11-25,GS,OKC,97,100,7.5,260,-330,213.0,0.5838,0.2413,-2.0,7.0
250,250,2019-11-26,DAL,LAC,99,114,1.5,105,-125,226.5,0.5992,0.5202,-2.5,-0.5
251,251,2019-11-26,DEN,WAS,117,104,-10.5,-650,450,227.5,0.8367,0.8984,-10.0,-13.5
252,252,2019-11-27,IND,UTA,121,102,0.0,-110,-110,207.5,0.572,0.4545,-2.0,1.0
253,253,2019-11-27,BOS,BKN,121,110,-8.5,-400,300,214.0,0.8197,0.7676,-9.5,-7.5
254,254,2019-11-27,PHI,SAC,97,91,-9.0,-500,375,211.0,0.7999,0.8561,-8.5,-11.0
255,255,2019-11-27,CLE,ORL,104,116,0.0,-110,-110,209.5,0.4218,0.4868,2.0,0.5
256,256,2019-11-27,CHA,DET,102,101,3.5,150,-180,215.5,0.6194,0.4194,-3.0,2.0
257,257,2019-11-27,TOR,NY,126,98,-9.5,-600,425,211.0,0.9478,0.8911,-18.0,-13.0
258,258,2019-11-27,MIL,ATL,111,102,-14.5,-1600,900,239.5,0.9331,0.9091,-16.5,-14.5
259,259,2019-11-27,MEM,LAC,119,121,6.5,225,-275,226.5,0.3405,0.4338,4.0,1.5
260,260,2019-11-27,HOU,MIA,117,108,-7.0,-310,250,227.0,0.7194,0.8732,-6.0,-12.0
261,261,2019-11-27,SA,MIN,101,113,-3.0,-150,130,230.0,0.6442,0.3998,-3.5,2.5
262,262,2019-11-27,PHX,WAS,132,140,-6.5,-290,235,240.5,0.6154,0.8286,-3.0,-10.0
263,263,2019-11-27,NO,LAL,110,114,6.5,260,-330,231.5,0.4174,0.3808,2.0,3.0
264,264,2019-11-27,POR,OKC,136,119,-2.5,-145,125,219.5,0.6656,0.4558,-4.5,1.0
265,265,2019-11-27,GS,CHI,104,90,2.0,110,-130,215.0,0.7725,0.5157,-7.5,-0.5
266,266,2019-11-29,BKN,BOS,112,107,4.0,150,-180,213.5,0.4011,0.4508,2.5,1.0
267,267,2019-11-29,DET,CHA,107,110,-8.0,-330,260,213.0,0.6527,0.8005,-4.0,-8.5
268,268,2019-11-29,ORL,TOR,83,90,3.0,130,-150,209.0,0.3818,0.5967,3.0,-2.5
269,269,2019-11-29,NY,PHI,95,101,6.5,230,-280,209.0,0.216,0.131,8.0,11.5
270,270,2019-11-29,CLE,MIL,110,119,11.0,500,-700,229.5,0.1639,0.2573,10.0,6.5
271,271,2019-11-29,IND,ATL,105,104,-11.0,-700,500,224.5,0.8547,0.7903,-11.0,-8.0
272,272,2019-11-29,MIA,GS,122,105,-11.5,-750,525,209.0,0.7448,0.7624,-6.5,-7.0
273,273,2019-11-29,OKC,NO,109,104,-4.5,-195,165,229.0,0.7534,0.7222,-7.0,-6.0
274,274,2019-11-29,MEM,UTA,94,103,7.5,260,-330,223.0,0.3518,0.3591,4.0,3.5
275,275,2019-11-29,SA,LAC,107,97,5.0,180,-220,224.5,0.4491,0.2285,1.5,7.5
276,276,2019-11-29,PHX,DAL,113,120,2.0,115,-135,230.5,0.452,0.527,1.0,-0.5
277,277,2019-11-29,POR,CHI,107,103,-7.0,-300,240,227.0,0.8496,0.765,-10.5,-7.5
278,278,2019-11-29,LAL,WAS,125,103,-11.5,-750,525,235.5,0.8059,0.8211,-9.0,-9.5
279,279,2019-11-30,SAC,DEN,100,97,4.0,155,-185,205.5,0.4134,0.3714,2.0,3.5
280,280,2019-11-30,PHI,IND,119,116,-6.0,-260,210,207.5,0.6976,0.8319,-5.0,-10.0
281,281,2019-11-30,MIL,CHA,137,96,-14.0,-1500,850,225.0,0.9021,0.93,-14.0,-16.0
282,282,2019-11-30,HOU,ATL,158,111,-14.0,-1500,850,238.0,0.8993,0.9117,-13.5,-14.5
283,283,2019-12-01,BKN,MIA,106,109,4.0,155,-185,215.0,0.5198,0.5965,-0.5,-2.5
284,284,2019-12-01,NY,BOS,104,113,7.5,300,-400,208.5,0.1883,0.197,9.0,8.5
285,285,2019-12-01,MIN,MEM,107,115,-12.0,-1000,650,231.0,0.7814,0.7812,-8.0,-8.0
286,286,2019-12-01,LAL,DAL,100,114,-6.5,-275,225,222.5,0.7087,0.602,-5.5,-2.5
287,287,2019-12-01,DET,SA,132,98,-2.5,-140,120,217.5,0.5683,0.6632,-1.5,-4.0
288,288,2019-12-01,NO,OKC,104,107,-2.5,-140,120,226.5,0.4999,0.5978,0.0,-2.5
289,289,2019-12-01,ORL,GS,100,96,-7.5,-350,275,204.5,0.6798,0.7554,-4.5,-7.0
290,290,2019-12-01,TOR,UTA,130,110,-2.0,-130,110,208.0,0.7621,0.4953,-7.0,0.0
291,291,2019-12-01,LAC,WAS,150,125,-12.0,-1000,650,240.0,0.8105,0.8827,-9.0,-12.5
292,292,2019-12-02,PHI,UTA,103,94,-5.0,-220,180,208.5,0.6738,0.6797,-4.5,-4.5
293,293,2019-12-02,CHA,PHX,104,109,4.0,145,-170,221.5,0.6845,0.3604,-5.0,3.5
294,294,2019-12-02,ATL,GS,104,79,-6.5,-260,210,222.5,0.4777,0.7087,0.5,-5.5
295,295,2019-12-02,MEM,IND,104,117,9.0,350,-450,216.5,0.4012,0.4228,2.5,2.0
296,296,2019-12-02,MIL,NY,132,88,-17.0,-3000,1200,222.5,0.9585,0.9498,-19.5,-18.0
297,297,2019-12-02,SAC,CHI,106,113,-5.0,-220,180,212.0,0.7761,0.7392,-7.5,-6.5
298,298,2019-12-03,CLE,DET,94,127,3.5,142,-165,216.5,0.477,0.5699,0.5,-1.5
299,299,2019-12-03,WAS,ORL,120,127,0.0,-110,-110,229.5,,,,
300,300,2019-12-03,NO,DAL,97,118,4.5,170,-200,233.0,0.4305,0.353,1.5,4.0
301,301,2019-12-03,TOR,MIA,110,121,-5.5,-240,190,212.0,0.7881,0.7645,-8.0,-7.5
302,302,2019-12-03,SA,HOU,135,133,7.0,260,-330,234.0,0.3847,0.1965,3.0,8.5
303,303,2019-12-03,DEN,LAL,96,105,-2.5,-135,115,207.5,0.6904,0.7244,-5.0,-6.0
304,304,2019-12-03,LAC,POR,117,97,-9.0,-450,350,233.0,0.6917,0.8437,-5.0,-10.5
305,305,2019-12-04,DET,MIL,103,127,9.0,375,-500,223.0,0.2894,0.3029,5.5,5.0
306,306,2019-12-04,ORL,PHX,128,114,1.5,105,-125,213.5,0.7686,0.4298,-7.5,2.0
307,307,2019-12-04,CHA,GS,106,91,-2.5,-140,120,213.0,0.6023,0.5945,-2.5,-2.5
308,308,2019-12-04,ATL,BKN,118,130,3.0,130,-150,228.0,0.4915,0.5997,0.0,-2.5
309,309,2019-12-04,BOS,MIA,112,93,-5.5,-230,185,209.0,0.6931,0.6567,-5.0,-4.0
310,310,2019-12-04,CHI,MEM,106,99,-6.5,-300,240,223.0,0.6201,0.5798,-3.0,-2.0
311,311,2019-12-04,OKC,IND,100,107,1.0,105,-125,209.0,0.5779,0.659,-2.0,-4.0
312,312,2019-12-04,DAL,MIN,121,114,-5.5,-240,190,229.0,0.7577,0.6984,-7.0,-5.0
313,313,2019-12-04,UTA,LAL,96,121,-2.0,-125,105,212.5,0.6271,0.6599,-3.0,-4.0
314,314,2019-12-04,POR,SAC,127,116,-5.0,-220,180,216.5,0.754,0.6349,-7.0,-3.5
315,315,2019-12-05,WAS,PHI,119,113,8.0,290,-380,233.0,,,,
316,316,2019-12-05,TOR,HOU,109,119,-2.0,-130,110,230.5,0.7007,0.5852,-5.5,-2.0
317,317,2019-12-05,NY,DEN,92,129,9.0,320,-420,205.0,0.2156,0.151,8.0,10.5
318,318,2019-12-05,NO,PHX,132,139,-4.0,-185,155,235.0,0.641,0.5217,-3.5,-0.5
319,319,2019-12-06,DET,IND,108,101,1.5,105,-125,212.0,0.4675,0.5689,1.0,-1.5
320,320,2019-12-06,CLE,ORL,87,93,4.5,160,-190,210.0,0.3464,0.5262,4.0,-0.5
321,321,2019-12-06,CHA,BKN,104,111,3.0,130,-150,219.0,0.5571,0.5575,-1.5,-1.5
322,322,2019-12-06,OKC,MIN,139,127,-3.5,-170,145,218.0,0.6913,0.6401,-5.0,-3.5
323,323,2019-12-06,MIA,WAS,112,103,-9.5,-550,400,229.0,0.8117,0.8182,-9.0,-9.5
324,324,2019-12-06,CHI,GS,98,100,-4.5,-190,160,215.0,0.5551,0.5902,-1.5,-2.5
325,325,2019-12-06,BOS,DEN,108,95,-3.0,-160,140,205.5,0.6871,0.5784,-5.0,-2.0
326,326,2019-12-06,MIL,LAC,119,91,-4.5,-190,160,233.5,0.7882,0.6014,-8.0,-2.5
327,327,2019-12-06,SA,SAC,105,104,-4.0,-185,155,214.5,0.6625,0.546,-4.0,-1.0
328,328,2019-12-06,POR,LAL,113,136,5.0,170,-200,225.0,0.5498,0.4322,-1.0,1.5
329,329,2019-12-07,DAL,NO,130,84,-9.0,-450,350,232.0,0.843,0.788,-10.5,-8.0
330,330,2019-12-07,PHI,CLE,141,94,-11.0,-700,500,215.0,0.9114,0.8935,-14.5,-13.0
331,331,2019-12-07,NY,IND,103,104,5.5,180,-220,208.0,0.2342,0.3413,7.5,4.0
332,332,2019-12-07,HOU,PHX,115,109,-11.0,-750,525,240.5,0.8755,0.8396,-12.0,-10.5
333,333,2019-12-07,UTA,MEM,126,112,-11.5,-800,550,217.5,0.8324,0.8636,-10.0,-11.5
334,334,2019-12-08,BKN,DEN,105,102,4.5,155,-185,212.5,0.4931,0.2568,0.0,6.5
335,335,2019-12-08,CHA,ATL,107,122,-1.5,-125,105,223.0,0.7139,0.5558,-5.5,-1.5
336,336,2019-12-08,PHI,TOR,110,104,-3.0,-150,130,214.0,0.5675,0.4793,-1.5,0.5
337,337,2019-12-08,MIA,CHI,110,105,-7.0,-310,250,210.5,0.8643,0.8489,-11.5,-10.5
338,338,2019-12-08,WAS,LAC,119,135,9.0,350,-450,236.0,,,,
339,339,2019-12-08,DAL,SAC,106,110,-9.0,-430,330,216.0,0.802,0.7833,-8.5,-8.0
340,340,2019-12-08,POR,OKC,96,108,-4.0,-180,150,223.0,0.6523,0.6146,-4.0,-3.0
341,341,2019-12-08,LAL,MIN,142,125,-10.0,-650,450,227.5,0.8241,0.7704,-9.5,-7.5
342,342,2019-12-09,IND,LAC,99,110,-3.0,-150,130,216.5,0.5924,0.6069,-2.5,-2.5
343,343,2019-12-09,BOS,CLE,110,88,-13.5,-1400,800,216.0,0.9317,0.8534,-16.0,-11.0
344,344,2019-12-09,CHI,TOR,92,93,6.5,220,-270,213.5,0.2491,0.2138,7.0,8.0
345,345,2019-12-09,NO,DET,103,105,0.0,-110,-110,227.5,0.519,0.643,-0.5,-3.5
346,346,2019-12-09,HOU,SAC,118,119,-12.0,-900,600,225.5,0.8445,0.9099,-10.5,-14.5
347,347,2019-12-09,MIL,ORL,110,101,-13.0,-1000,650,217.5,0.8618,0.8964,-11.5,-13.5
348,348,2019-12-09,PHX,MIN,125,109,-3.5,-160,140,233.0,0.5646,0.6946,-1.5,-5.0
349,349,2019-12-09,UTA,OKC,90,104,-9.0,-420,320,206.5,0.6666,0.8835,-4.5,-12.5
350,350,2019-12-09,GS,MEM,102,110,-3.5,-160,140,220.0,0.7241,0.5034,-6.0,0.0
351,351,2019-12-10,PHI,DEN,97,92,-5.5,-220,180,208.0,0.6686,0.641,-4.5,-3.5
352,352,2019-12-10,CHA,WAS,114,107,2.0,110,-130,229.0,0.6086,0.4489,-2.5,1.5
353,353,2019-12-10,MIA,ATL,135,121,-8.5,-425,325,219.0,0.8565,0.7474,-11.0,-6.5
354,354,2019-12-10,POR,NY,115,87,-9.5,-500,375,223.5,0.8822,0.8642,-12.5,-11.5
355,355,2019-12-11,IND,BOS,122,117,-1.0,-120,100,211.0,0.5076,0.4996,0.0,0.0
356,356,2019-12-11,TOR,LAC,92,112,2.5,130,-150,222.5,0.6885,0.7687,-5.0,-7.5
357,357,2019-12-11,ORL,LAL,87,96,8.5,330,-430,210.5,0.4707,0.3445,0.5,4.0
358,358,2019-12-11,CLE,HOU,110,116,11.5,550,-800,230.0,0.1957,0.182,9.0,9.5
359,359,2019-12-11,BKN,CHA,108,113,-10.0,-550,400,217.0,0.7608,0.8275,-7.0,-9.5
360,360,2019-12-11,MIN,UTA,116,127,-1.0,-115,-105,220.5,0.5187,0.5477,-0.5,-1.0
361,361,2019-12-11,CHI,ATL,136,102,-6.5,-275,225,221.5,0.6224,0.6992,-3.0,-5.0
362,362,2019-12-11,PHX,MEM,108,115,-7.0,-300,240,230.5,0.6827,0.7705,-5.0,-7.5
363,363,2019-12-11,MIL,NO,127,112,-9.5,-450,350,232.5,0.9365,0.8663,-16.5,-11.5
364,364,2019-12-11,SAC,OKC,94,93,-1.5,-125,105,207.5,0.5132,0.6896,-0.5,-5.0
365,365,2019-12-11,GS,NY,122,124,-5.0,-210,175,211.0,0.8213,0.7815,-9.5,-8.0
366,366,2019-12-12,BOS,PHI,109,115,-1.0,-115,-105,212.5,0.6723,0.4716,-4.5,0.5
367,367,2019-12-12,SA,CLE,109,117,-11.5,-900,600,218.5,0.8276,0.7297,-9.5,-6.0
368,368,2019-12-12,DET,DAL,111,122,6.5,250,-310,217.5,0.3563,0.289,3.5,5.5
369,369,2019-12-12,DEN,POR,114,99,-7.5,-330,260,216.5,0.7315,0.8023,-6.0,-8.5
370,370,2019-12-13,ORL,HOU,107,130,6.5,225,-275,220.5,0.4524,0.2644,1.0,6.5
371,371,2019-12-13,PHI,NO,116,109,-7.0,-310,250,222.0,0.8881,0.7906,-13.0,-8.0
372,372,2019-12-13,ATL,IND,100,110,6.0,215,-265,224.5,0.3527,0.4513,4.0,1.0
373,373,2019-12-13,MEM,MIL,114,127,12.5,700,-1100,229.0,0.1978,0.38,8.5,3.0
374,374,2019-12-13,MIA,LAL,110,113,5.5,190,-240,211.5,0.563,0.5133,-1.5,-0.5
375,375,2019-12-13,MIN,LAC,117,124,4.5,170,-200,228.0,0.3513,0.4778,4.0,0.5
376,376,2019-12-13,CHI,CHA,73,83,-7.0,-280,230,213.5,0.5952,0.5948,-2.5,-2.5
377,377,2019-12-13,SAC,NY,101,103,-9.0,-430,330,210.5,0.8488,0.8724,-10.5,-12.0
378,378,2019-12-13,UTA,GS,114,106,-14.0,-1400,800,211.0,0.7952,0.8913,-8.5,-13.0
379,379,2019-12-14,PHX,SA,119,121,2.0,105,-125,220.5,0.4436,0.6692,1.5,-4.5
380,380,2019-12-14,TOR,BKN,110,102,-7.0,-320,255,218.5,0.8033,0.8653,-8.5,-11.5
381,381,2019-12-14,CHI,LAC,109,106,3.0,135,-155,214.0,0.2571,0.2026,6.5,8.5
382,382,2019-12-14,MEM,WAS,128,111,-1.5,-125,105,236.5,0.6188,0.6563,-3.0,-4.0
383,383,2019-12-14,DAL,MIA,118,122,-8.5,-425,325,216.5,0.6331,0.754,-3.5,-7.0
384,384,2019-12-14,MIL,CLE,125,108,-14.0,-1500,850,223.0,0.956,0.8576,-19.0,-11.0
385,385,2019-12-14,HOU,DET,107,115,-7.5,-330,260,225.5,0.8458,0.874,-10.5,-12.0
386,386,2019-12-14,DEN,OKC,110,102,-6.0,-260,210,204.5,0.6976,0.8275,-5.0,-9.5
387,387,2019-12-15,NO,ORL,119,130,0.0,-110,-110,216.5,0.4669,0.63,1.0,-3.5
388,388,2019-12-15,IND,CHA,107,85,-11.5,-800,550,210.0,0.8043,0.8231,-9.0,-9.5
389,389,2019-12-15,BKN,PHI,109,89,3.5,145,-170,220.0,0.4308,0.3665,1.5,3.5
390,390,2019-12-15,ATL,LAL,96,101,12.0,575,-850,229.0,0.2377,0.2268,7.0,7.5
391,391,2019-12-15,DEN,NY,111,105,-10.5,-700,500,208.5,0.919,0.931,-15.0,-16.0
392,392,2019-12-15,GS,SAC,79,100,4.5,170,-200,209.5,0.5754,0.41,-2.0,2.5
393,393,2019-12-16,DET,WAS,119,133,-2.5,-140,120,232.0,0.7414,0.4933,-6.5,0.0
394,394,2019-12-16,TOR,CLE,133,113,-13.0,-1200,750,216.5,0.9202,0.9008,-15.0,-13.5
395,395,2019-12-16,OKC,CHI,109,106,-5.5,-240,190,208.5,0.8255,0.7698,-9.5,-7.5
396,396,2019-12-16,MEM,MIA,118,111,2.5,125,-145,217.0,0.3748,0.5027,3.0,0.0
397,397,2019-12-16,HOU,SA,109,107,-10.5,-650,450,232.0,0.8406,0.9333,-10.5,-16.5
398,398,2019-12-16,MIL,DAL,116,120,-10.5,-750,525,227.5,0.83,0.8285,-10.0,-10.0
399,399,2019-12-16,PHX,POR,110,111,2.5,115,-135,227.0,0.4894,0.6169,0.5,-3.0
400,400,2019-12-17,CHA,SAC,110,102,5.0,180,-220,208.0,0.5605,0.4132,-1.5,2.0
401,401,2019-12-17,IND,LAL,105,102,1.0,100,-120,213.0,0.5279,0.5285,-0.5,-0.5
402,402,2019-12-17,NY,ATL,143,120,-2.0,-130,110,226.0,0.5417,0.4827,-1.0,0.5
403,403,2019-12-17,NO,BKN,101,108,2.0,115,-135,227.5,0.4372,0.768,1.5,-7.5
404,404,2019-12-17,UTA,ORL,109,102,-6.5,-280,230,208.0,0.7013,0.7167,-5.5,-6.0
405,405,2019-12-17,LAC,PHX,120,99,-15.0,-1500,850,225.0,0.878,0.8471,-12.0,-10.5
406,406,2019-12-18,WAS,CHI,109,110,-1.0,-115,-105,230.0,,,,
407,407,2019-12-18,DET,TOR,99,112,2.5,125,-145,217.0,0.3916,0.372,2.5,3.0
408,408,2019-12-18,CLE,CHA,100,98,-3.0,-145,125,211.0,0.4727,0.7733,0.5,-7.5
409,409,2019-12-18,PHI,MIA,104,108,-8.0,-380,290,208.5,0.6803,0.8677,-4.5,-11.5
410,410,2019-12-18,MIN,NO,99,107,-3.5,-170,145,229.5,0.738,0.6793,-6.5,-4.5
411,411,2019-12-18,OKC,MEM,126,122,-6.5,-280,230,219.5,0.791,0.7219,-8.5,-6.0
412,412,2019-12-18,DAL,BOS,103,109,2.0,110,-130,215.5,0.5735,0.6016,-2.0,-2.5
413,413,2019-12-18,DEN,ORL,113,104,-9.0,-500,375,205.0,0.7628,0.8466,-7.0,-10.5
414,414,2019-12-18,POR,GS,122,112,-9.0,-500,375,221.5,0.7838,0.8065,-8.0,-9.0
415,415,2019-12-19,ATL,UTA,106,111,6.5,230,-280,224.5,0.3294,0.4019,4.5,2.5
416,416,2019-12-19,MIL,LAL,111,104,-3.5,-160,140,227.0,0.7396,0.7139,-6.5,-5.5
417,417,2019-12-19,SA,BKN,118,105,-4.0,-190,160,219.5,0.553,0.5859,-1.5,-2.0
418,418,2019-12-19,LAC,HOU,117,122,,-220,180,235.5,0.646,0.6448,-3.5,-3.5
419,419,2019-12-20,IND,SAC,119,105,-5.0,-220,180,209.5,0.7722,0.6522,-7.5,-4.0
420,420,2019-12-20,CLE,MEM,114,107,2.5,120,-140,222.5,0.4992,0.5564,0.0,-1.5
421,421,2019-12-20,TOR,WAS,122,118,-6.5,-270,220,229.5,0.87,0.6877,-12.0,-5.0
422,422,2019-12-20,BOS,DET,114,93,-9.0,-450,350,211.0,0.8424,0.8773,-10.5,-12.0
423,423,2019-12-20,MIA,NY,129,114,-9.0,-550,400,216.5,0.9081,0.8603,-14.0,-11.5
424,424,2019-12-20,OKC,PHX,126,108,-3.0,-150,130,224.5,0.8128,0.6608,-9.0,-4.0
425,425,2019-12-20,PHI,DAL,98,117,-8.5,-425,325,212.0,0.677,0.8211,-4.5,-9.5
426,426,2019-12-20,DEN,MIN,109,100,-11.0,-750,525,215.5,0.8403,0.8127,-10.5,-9.0
427,427,2019-12-20,POR,ORL,118,103,-3.5,-170,145,218.5,0.6686,0.5912,-4.5,-2.5
428,428,2019-12-20,GS,NO,106,102,2.0,110,-130,221.5,0.6621,0.3931,-4.0,2.5
429,429,2019-12-21,CHA,UTA,107,114,7.0,240,-300,208.0,0.445,0.356,1.5,3.5
430,430,2019-12-21,BKN,ATL,122,112,-7.5,-340,270,231.5,0.8272,0.7299,-9.5,-6.0
431,431,2019-12-21,PHI,WAS,125,108,-12.5,-1100,700,227.0,0.822,0.8472,-9.5,-10.5
432,432,2019-12-21,DET,CHI,107,119,1.5,105,-125,209.0,0.7227,0.5869,-6.0,-2.0
433,433,2019-12-21,NY,MIL,102,123,13.0,750,-1200,227.0,0.1208,0.1276,12.5,12.0
434,434,2019-12-21,MEM,SAC,119,115,2.0,115,-135,221.5,0.5588,0.543,-1.5,-1.0
435,435,2019-12-21,SA,LAC,109,134,7.5,250,-310,225.5,0.3934,0.2054,2.5,8.5
436,436,2019-12-21,PHX,HOU,125,139,8.5,325,-425,234.5,0.2852,0.2732,5.5,6.0
437,437,2019-12-21,POR,MIN,113,106,-7.0,-280,230,227.5,0.7703,0.6004,-7.5,-2.5
438,438,2019-12-22,TOR,DAL,110,107,-1.5,-125,105,218.0,0.701,0.6762,-5.5,-4.5
439,439,2019-12-22,BOS,CHA,119,93,-12.0,-1000,650,210.0,0.8712,0.9377,-12.0,-17.0
440,440,2019-12-22,MIL,IND,117,89,-8.5,-410,310,220.5,0.8115,0.7899,-9.0,-8.0
441,441,2019-12-22,OKC,LAC,118,112,-1.0,-120,100,223.5,0.5088,0.4466,0.0,1.5
442,442,2019-12-22,LAL,DEN,104,128,-2.5,-140,120,208.0,0.6909,0.6738,-5.0,-4.5
443,443,2019-12-23,DET,PHI,109,125,6.5,225,-275,215.0,0.419,0.2689,2.0,6.0
444,444,2019-12-23,IND,TOR,120,115,-5.0,-245,195,210.5,0.5428,0.5894,-1.0,-2.0
445,445,2019-12-23,ORL,CHI,103,95,-5.0,-200,170,205.5,0.7455,0.8038,-6.5,-9.0
446,446,2019-12-23,NY,WAS,115,121,-3.5,-170,145,227.5,0.4696,0.3784,1.0,3.0
447,447,2019-12-23,CLE,ATL,121,118,2.0,110,-130,229.5,0.6352,0.5897,-3.5,-2.5
448,448,2019-12-23,MIA,UTA,107,104,-4.5,-190,160,213.5,0.6742,0.6198,-4.5,-3.0
449,449,2019-12-23,MEM,SA,115,145,1.0,-105,-115,228.5,0.5944,0.686,-2.5,-5.0
450,450,2019-12-23,PHX,DEN,111,113,2.5,120,-140,218.5,0.2919,0.4726,5.5,0.5
451,451,2019-12-23,SAC,HOU,104,113,6.0,220,-270,230.0,0.3642,0.2857,3.5,5.5
452,452,2019-12-23,POR,NO,94,102,-6.0,-250,200,229.5,0.8201,0.63,-9.5,-3.5
453,453,2019-12-23,GS,MIN,113,104,-1.0,-115,-105,222.0,0.6103,0.3816,-3.0,3.0
454,454,2019-12-25,TOR,BOS,102,118,4.0,155,-185,213.5,0.6309,0.5451,-3.5,-1.0
455,455,2019-12-25,PHI,MIL,121,109,3.0,130,-150,221.0,0.4271,0.5907,2.0,-2.5
456,456,2019-12-25,GS,HOU,116,104,11.5,550,-800,230.0,0.2779,0.1614,6.0,10.0
457,457,2019-12-25,LAL,LAC,106,111,-2.5,-140,120,223.0,0.6109,0.5825,-3.0,-2.0
458,458,2019-12-25,DEN,NO,100,112,-9.0,-500,375,216.0,0.8859,0.8355,-12.5,-10.0
459,459,2019-12-26,DET,WAS,132,102,-6.5,-280,230,228.0,0.6389,0.7633,-3.5,-7.5
460,460,2019-12-26,OKC,MEM,97,110,-6.0,-265,215,224.0,0.8324,0.7948,-10.0,-8.5
461,461,2019-12-26,BKN,NY,82,94,-7.0,-340,270,226.0,0.8643,0.7484,-11.5,-7.0
462,462,2019-12-26,DAL,SA,102,98,-8.0,-360,280,226.5,0.7844,0.8408,-8.0,-10.5
463,463,2019-12-26,SAC,MIN,104,105,-7.0,-300,240,220.0,0.7012,0.5585,-5.5,-1.5
464,464,2019-12-26,UTA,POR,121,115,-5.5,-240,190,222.0,0.7092,0.7099,-5.5,-5.5
465,465,2019-12-27,BOS,CLE,129,117,-14.0,-1400,800,215.5,0.9281,0.909,-16.0,-14.5
466,466,2019-12-27,ORL,PHI,98,97,4.0,155,-185,210.0,0.4729,0.4031,0.5,2.5
467,467,2019-12-27,CHA,OKC,102,104,1.0,-105,-115,208.0,0.4642,0.5413,1.0,-1.0
468,468,2019-12-27,ATL,MIL,86,112,7.5,275,-350,235.5,0.1429,0.3848,11.0,3.0
469,469,2019-12-27,MIA,IND,113,112,-5.0,-210,175,211.5,0.6543,0.6589,-4.0,-4.0
470,470,2019-12-27,GS,PHX,105,96,3.5,145,-170,225.0,0.6853,0.4383,-5.0,1.5
471,471,2019-12-28,DEN,MEM,119,110,-9.0,-500,375,218.5,0.8499,0.8826,-11.0,-12.5
472,472,2019-12-28,NO,IND,120,98,-1.5,-125,105,218.0,0.3988,0.7261,2.5,-6.0
473,473,2019-12-28,BOS,TOR,97,113,-7.5,-330,260,216.0,0.6991,0.7405,-5.0,-6.5
474,474,2019-12-28,MIA,PHI,117,116,-1.5,-120,100,212.5,0.6328,0.4212,-3.5,2.0
475,475,2019-12-28,WAS,NY,100,107,3.0,140,-160,228.5,,,,
476,476,2019-12-28,MIN,CLE,88,94,-6.5,-280,230,217.0,0.7452,0.8319,-6.5,-10.0
477,477,2019-12-28,HOU,BKN,108,98,-9.0,-500,375,234.5,0.8228,0.9003,-9.5,-13.5
478,478,2019-12-28,CHI,ATL,116,81,-9.5,-600,425,217.0,0.7368,0.7523,-6.5,-7.0
479,479,2019-12-28,MIL,ORL,111,100,-6.0,-270,220,216.5,0.8776,0.68,-12.0,-4.5
480,480,2019-12-28,GS,DAL,121,141,11.0,500,-700,218.0,0.3907,0.2349,3.0,7.5
481,481,2019-12-28,SA,DET,136,109,-5.0,-220,180,222.5,0.6896,0.5681,-5.0,-1.5
482,482,2019-12-28,SAC,PHX,110,112,-2.5,-140,120,217.0,0.7278,0.6262,-6.0,-3.0
483,483,2019-12-28,POR,LAL,120,128,5.0,190,-240,223.0,0.4936,0.3812,0.0,3.0
484,484,2019-12-28,LAC,UTA,107,120,-7.5,-360,280,221.5,0.7398,0.8178,-6.5,-9.5
485,485,2019-12-29,TOR,OKC,97,98,-4.5,-190,160,209.5,0.7671,0.7753,-7.5,-7.5
486,486,2019-12-29,NO,HOU,127,112,-5.0,-220,180,223.5,0.3451,0.5286,4.0,-0.5
487,487,2019-12-29,MEM,CHA,117,104,-2.5,-145,125,219.5,0.6414,0.7012,-3.5,-5.5
488,488,2019-12-29,DEN,SAC,120,115,-7.5,-350,275,208.0,0.8299,0.8616,-10.0,-11.5
489,489,2019-12-29,LAL,DAL,108,95,-5.0,-210,175,224.5,0.6507,0.6751,-4.0,-4.5
490,490,2019-12-30,ORL,ATL,93,101,-10.5,-700,500,209.5,0.8393,0.8424,-10.5,-10.5
491,491,2019-12-30,WAS,MIA,123,105,11.0,525,-750,224.5,,,,
492,492,2019-12-30,MIN,BKN,122,115,4.5,170,-200,216.5,0.5344,0.6437,-1.0,-3.5
493,493,2019-12-30,CHI,MIL,102,123,8.5,350,-450,220.0,0.2081,0.3232,8.5,4.5
494,494,2019-12-30,UTA,DET,104,81,-9.5,-500,375,217.5,0.8254,0.8191,-9.5,-9.5
495,495,2019-12-30,POR,PHX,116,122,-4.0,-170,145,232.5,0.7732,0.6414,-7.5,-3.5
496,496,2019-12-31,CHA,BOS,92,109,7.5,300,-400,210.5,0.2956,0.2481,5.5,7.0
497,497,2019-12-31,IND,PHI,115,97,-3.5,-155,135,212.5,0.584,0.52,-2.0,-0.5
498,498,2019-12-31,SAC,LAC,87,105,6.5,230,-280,220.0,0.3697,0.3561,3.5,3.5
499,499,2019-12-31,SA,GS,117,113,-11.0,-750,525,217.0,0.7286,0.7014,-6.0,-5.5
500,500,2019-12-31,TOR,CLE,117,97,-8.0,-450,350,217.5,0.9099,0.8534,-14.5,-11.0
501,501,2019-12-31,HOU,DEN,130,104,-6.5,-280,230,225.0,0.6552,0.6603,-4.0,-4.0
502,502,2019-12-31,OKC,DAL,106,101,2.5,125,-145,217.0,0.5639,0.4719,-1.5,0.5
503,503,2020-01-01,WAS,ORL,101,122,3.5,145,-170,222.5,,,,
504,504,2020-01-01,NY,POR,117,93,4.0,150,-180,226.0,0.4171,0.3684,2.0,3.5
505,505,2020-01-01,MIL,MIN,106,104,-18.0,-5000,1500,221.0,0.9266,0.9423,-15.5,-17.5
506,506,2020-01-01,LAL,PHX,117,107,-11.0,-750,525,225.5,0.8691,0.824,-11.5,-9.5
507,507,2020-01-02,CLE,CHA,106,109,-2.0,-130,110,212.0,0.5647,0.7003,-1.5,-5.5
508,508,2020-01-02,IND,DEN,116,124,1.0,-105,-115,208.0,0.6006,0.4706,-2.5,0.5
509,509,2020-01-02,MIA,TOR,84,76,-5.5,-220,180,214.0,0.5552,0.561,-1.5,-1.5
510,510,2020-01-02,MIN,GS,99,84,-3.0,-150,130,211.5,0.6374,0.7603,-3.5,-7.0
511,511,2020-01-02,CHI,UTA,98,102,3.5,145,-170,208.0,0.3688,0.4147,3.5,2.0
512,512,2020-01-02,SA,OKC,103,109,-2.5,-135,115,216.5,0.5439,0.4685,-1.0,1.0
513,513,2020-01-02,DAL,BKN,123,111,-8.0,-360,280,223.0,0.791,0.8904,-8.5,-13.0
514,514,2020-01-02,SAC,MEM,128,123,-4.5,-200,170,224.5,0.6532,0.7163,-4.0,-5.5
515,515,2020-01-02,LAC,DET,126,112,-12.5,-1000,650,223.0,0.8663,0.8731,-11.5,-12.0
516,516,2020-01-03,ORL,MIA,105,85,-1.0,-120,100,206.5,0.5061,0.5028,0.0,0.0
517,517,2020-01-03,BOS,ATL,109,106,-10.5,-650,450,224.5,0.9228,0.8562,-15.5,-11.0
518,518,2020-01-03,WAS,POR,103,122,7.5,270,-340,232.5,,,,
519,519,2020-01-03,HOU,PHI,118,108,-4.5,-190,160,227.5,0.702,0.6607,-5.5,-4.0
520,520,2020-01-03,PHX,NY,120,112,-7.0,-300,240,224.5,0.7022,0.8527,-5.5,-11.0
521,521,2020-01-03,LAL,NO,123,113,-10.0,-600,425,225.5,0.8293,0.8095,-10.0,-9.0
522,522,2020-01-04,LAC,MEM,114,140,-10.0,-650,450,231.0,0.8704,0.7987,-12.0,-8.5
523,523,2020-01-04,BKN,TOR,102,121,-2.0,-130,110,216.5,0.3971,0.345,2.5,4.0
524,524,2020-01-04,ORL,UTA,96,109,4.0,145,-170,206.5,0.5138,0.3999,-0.5,2.5
525,525,2020-01-04,CLE,OKC,106,121,6.5,240,-300,214.0,0.3176,0.3708,4.5,3.5
526,526,2020-01-04,ATL,IND,116,111,7.0,255,-320,220.5,0.3125,0.3698,5.0,3.5
527,527,2020-01-04,CHI,BOS,104,111,-1.0,-115,-105,208.0,0.2843,0.4351,5.5,1.5
528,528,2020-01-04,WAS,DEN,128,114,13.0,650,-1000,221.0,,,,
529,529,2020-01-04,DAL,CHA,120,123,-11.5,-800,550,217.5,0.8519,0.9089,-11.0,-14.5
530,530,2020-01-04,MIL,SA,127,118,-12.0,-900,600,228.0,0.8941,0.913,-13.0,-14.5
531,531,2020-01-04,GS,DET,104,111,3.0,130,-150,213.5,0.6207,0.4638,-3.0,1.0
532,532,2020-01-04,SAC,NO,115,117,-2.5,-140,120,225.5,0.6114,0.5765,-3.0,-2.0
533,533,2020-01-05,LAC,NY,135,132,-9.5,-550,400,221.0,0.8843,0.8976,-12.5,-13.5
534,534,2020-01-05,MIA,POR,122,111,-5.0,-230,185,215.5,0.7547,0.6871,-7.0,-5.0
535,535,2020-01-05,CLE,MIN,103,118,6.0,210,-260,217.5,0.5114,0.3448,-0.5,4.0
536,536,2020-01-05,PHX,MEM,114,121,-7.0,-300,240,236.0,0.5613,0.7623,-1.5,-7.0
537,537,2020-01-05,LAL,DET,106,99,-14.5,-2000,1000,220.0,0.8554,0.9182,-11.0,-15.0
538,538,2020-01-06,ORL,BKN,101,89,-5.0,-220,180,212.5,0.6989,0.7552,-5.0,-7.0
539,539,2020-01-06,CHA,IND,104,115,6.5,215,-265,209.0,0.4405,0.3842,1.5,3.0
540,540,2020-01-06,WAS,BOS,99,94,8.5,340,-440,225.0,,,,
541,541,2020-01-06,PHI,OKC,120,113,-8.0,-340,270,210.5,0.6599,0.8033,-4.0,-8.5
542,542,2020-01-06,ATL,DEN,115,123,7.5,260,-330,224.0,0.2868,0.3509,5.5,4.0
543,543,2020-01-06,NO,UTA,126,128,4.0,150,-180,221.0,0.4227,0.4821,2.0,0.5
544,544,2020-01-06,SA,MIL,126,104,8.0,300,-400,228.5,0.2689,0.2177,6.0,8.0
545,545,2020-01-06,DAL,CHI,118,110,-8.0,-400,300,217.5,0.8458,0.8564,-10.5,-11.0
546,546,2020-01-06,SAC,GS,111,98,-10.0,-600,425,213.0,0.6882,0.8368,-5.0,-10.0
547,547,2020-01-07,CLE,DET,113,115,3.5,145,-170,219.5,0.4806,0.5051,0.5,0.0
548,548,2020-01-07,TOR,POR,99,101,-2.5,-140,120,221.0,0.8285,0.6485,-10.0,-4.0
549,549,2020-01-07,BKN,OKC,103,111,-1.0,-120,100,217.0,0.4696,0.4782,1.0,0.5
550,550,2020-01-07,MEM,MIN,119,112,-4.5,-190,160,228.5,0.6914,0.5374,-5.0,-1.0
551,551,2020-01-07,PHX,SAC,103,114,-6.5,-280,230,226.0,0.5857,0.7642,-2.0,-7.5
552,552,2020-01-07,LAL,NY,117,87,-13.5,-1600,900,222.5,0.9056,0.9287,-14.0,-16.0
553,553,2020-01-08,CHA,TOR,110,112,2.5,120,-140,207.0,0.3143,0.471,5.0,0.5
554,554,2020-01-08,IND,MIA,108,122,-1.5,-125,105,210.0,0.6182,0.605,-3.0,-2.5
555,555,2020-01-08,ORL,WAS,123,89,-9.5,-500,375,218.5,0.7571,0.8247,-7.0,-9.5
556,556,2020-01-08,BOS,SA,114,129,-7.0,-310,250,220.5,0.805,0.8309,-9.0,-10.0
557,557,2020-01-08,DAL,DEN,106,107,-4.0,-185,155,221.5,0.6292,0.6802,-3.5,-4.5
558,558,2020-01-08,ATL,HOU,115,122,8.0,280,-360,237.0,0.2264,0.293,7.5,5.5
559,559,2020-01-08,NO,CHI,123,108,-3.0,-160,140,225.0,0.7189,0.793,-6.0,-8.5
560,560,2020-01-08,UTA,NY,128,104,-14.0,-1500,850,213.5,0.8981,0.9373,-13.5,-17.0
561,561,2020-01-08,GS,MIL,98,107,13.5,850,-1500,217.5,0.2021,0.1464,8.5,11.0
562,562,2020-01-09,DET,CLE,112,115,-7.0,-290,235,221.0,0.7828,0.7297,-8.0,-6.0
563,563,2020-01-09,PHI,BOS,109,98,0.0,-110,-110,218.0,0.5957,0.6626,-2.5,-4.0
564,564,2020-01-09,MIN,POR,116,102,0.0,-110,-110,224.0,0.5575,0.674,-1.5,-4.5
565,565,2020-01-09,OKC,HOU,113,92,3.5,145,-170,227.5,0.5357,0.3898,-1.0,3.0
566,566,2020-01-10,WAS,ATL,111,101,1.0,-105,-115,239.0,,,,
567,567,2020-01-10,BKN,MIA,117,113,4.0,155,-185,217.5,0.4161,0.4138,2.0,2.0
568,568,2020-01-10,MEM,SA,134,121,0.0,-110,-110,231.0,0.5596,0.6565,-1.5,-4.0
569,569,2020-01-10,NY,NO,111,123,4.0,150,-180,226.0,0.4632,0.3,1.0,5.5
570,570,2020-01-10,CHI,IND,105,116,-1.0,-115,-105,213.0,0.4149,0.5397,2.0,-1.0
571,571,2020-01-10,DAL,LAL,114,129,-2.5,-135,115,223.0,0.5692,0.7441,-1.5,-6.5
572,572,2020-01-10,UTA,CHA,109,92,-12.0,-900,600,210.5,0.8639,0.9056,-11.5,-14.0
573,573,2020-01-10,PHX,ORL,98,94,-4.0,-170,145,217.5,0.4496,0.7072,1.5,-5.5
574,574,2020-01-10,SAC,MIL,106,127,9.5,375,-500,224.0,0.2652,0.2273,6.5,7.5
575,575,2020-01-10,LAC,GS,109,100,-14.5,-1500,850,218.0,0.8633,0.9103,-11.5,-14.5
576,576,2020-01-11,HOU,MIN,139,109,-10.0,-550,400,232.0,0.8482,0.8599,-10.5,-11.5
577,577,2020-01-11,BOS,NO,140,105,-11.5,-800,550,223.5,0.8024,0.8886,-8.5,-13.0
578,578,2020-01-11,DET,CHI,99,108,-4.0,-170,145,215.5,0.6911,0.6893,-5.0,-5.0
579,579,2020-01-11,OKC,LAL,110,125,-8.5,-400,300,213.5,0.551,0.7745,-1.5,-7.5
580,580,2020-01-11,DAL,PHI,109,91,-2.5,-150,130,222.0,0.6003,0.625,-2.5,-3.0
581,581,2020-01-11,DEN,CLE,103,111,-12.5,-1000,650,216.5,0.9046,0.9182,-14.0,-15.0
582,582,2020-01-11,POR,MIL,101,122,7.5,275,-350,232.0,0.2877,0.3502,5.5,4.0
583,583,2020-01-12,NY,MIA,124,121,7.5,274,-340,217.0,0.2825,0.2518,6.0,7.0
584,584,2020-01-12,WAS,UTA,116,127,6.0,303,-380,224.0,,,,
585,585,2020-01-12,BKN,ATL,108,86,-9.0,-230,192,225.5,0.7799,0.7262,-8.0,-6.0
586,586,2020-01-12,MEM,GS,122,102,-6.5,-260,215,225.0,0.7688,0.7799,-7.5,-8.0
587,587,2020-01-12,TOR,SA,104,105,-5.0,-160,140,220.0,0.7785,0.7539,-8.0,-7.0
588,588,2020-01-12,DEN,LAC,114,104,0.0,-115,-105,221.5,0.616,0.6117,-3.0,-3.0
589,589,2020-01-12,PHX,CHA,100,92,-8.5,-350,281,217.0,0.6267,0.8273,-3.0,-9.5
590,590,2020-01-13,IND,PHI,101,95,-3.5,-130,110,214.5,0.5927,0.5023,-2.5,0.0
591,591,2020-01-13,DET,NO,110,117,-5.0,-108,-112,221.5,0.553,0.5044,-1.5,0.0
592,592,2020-01-13,BOS,CHI,113,101,-9.5,-500,384,216.5,0.8713,0.8531,-12.0,-11.0
593,593,2020-01-13,MIN,OKC,104,117,2.5,120,-140,218.0,0.436,0.4708,1.5,0.5
594,594,2020-01-13,POR,CHA,115,112,-9.5,-525,400,215.5,0.7323,0.8471,-6.0,-10.5
595,595,2020-01-13,SAC,ORL,112,114,1.0,-137,117,212.0,0.5447,0.553,-1.0,-1.5
596,596,2020-01-13,LAL,CLE,128,99,-14.0,-1500,876,222.0,0.9226,0.8527,-15.5,-11.0
597,597,2020-01-14,ATL,PHX,123,110,1.5,170,-200,230.5,0.537,0.4766,-1.0,0.5
598,598,2020-01-14,BKN,UTA,107,118,3.0,115,-135,222.5,0.3881,0.5357,3.0,-1.0
599,599,2020-01-14,MEM,HOU,121,110,4.5,155,-180,240.5,0.4301,0.4133,1.5,2.0
600,600,2020-01-14,MIL,NY,128,102,-16.5,-2400,1150,229.0,0.948,0.9522,-18.0,-18.5
601,601,2020-01-14,LAC,CLE,128,103,-16.0,-1600,912,224.0,0.8857,0.9236,-12.5,-15.5
602,602,2020-01-14,GS,DAL,97,124,8.0,274,-340,223.5,0.3423,0.225,4.0,7.5
603,603,2020-01-15,PHI,BKN,117,106,-6.5,-325,263,221.5,0.7991,0.819,-8.5,-9.5
604,604,2020-01-15,BOS,DET,103,116,-9.0,-500,384,218.0,0.8728,0.8364,-12.0,-10.0
605,605,2020-01-15,MIA,SA,106,100,-5.0,-230,192,219.5,0.7024,0.7201,-5.5,-6.0
606,606,2020-01-15,MIN,IND,99,104,4.5,112,-132,218.0,0.4424,0.5,1.5,0.0
607,607,2020-01-15,OKC,TOR,121,130,-1.5,-130,110,212.5,0.5751,0.5878,-2.0,-2.0
608,608,2020-01-15,CHI,WAS,115,106,-4.0,-175,151,228.5,0.6331,0.5897,-3.5,-2.0
609,609,2020-01-15,DEN,CHA,100,86,-11.5,-1100,711,209.5,0.8509,0.9027,-11.0,-14.0
610,610,2020-01-15,HOU,POR,107,117,-8.5,-380,303,236.5,0.8166,0.7874,-9.5,-8.0
611,611,2020-01-15,SAC,DAL,123,127,4.0,144,-165,225.5,0.4108,0.3982,2.0,2.5
612,612,2020-01-15,LAL,ORL,118,119,-10.0,-620,459,209.5,0.8171,0.7787,-9.5,-8.0
613,613,2020-01-16,NY,PHX,98,121,2.5,115,-135,226.5,0.5749,0.4075,-2.0,2.5
614,614,2020-01-16,MIL,BOS,128,123,-11.0,-700,500,227.5,0.8024,0.8557,-8.5,-11.0
615,615,2020-01-16,NO,UTA,138,132,5.5,185,-230,225.0,0.4089,0.4622,2.5,1.0
616,616,2020-01-16,LAC,ORL,122,95,-10.0,-600,425,217.0,0.7329,0.8146,-6.5,-9.0
617,617,2020-01-16,GS,DEN,131,134,3.5,145,-170,213.0,0.3133,0.5102,5.0,-0.5
618,618,2020-01-17,PHI,CHI,100,89,-7.5,-370,285,213.5,0.8417,0.8462,-10.5,-10.5
619,619,2020-01-17,TOR,WAS,140,111,-10.5,-600,425,231.0,0.8859,0.8053,-12.5,-9.0
620,620,2020-01-17,IND,MIN,116,114,-6.5,-280,230,218.0,0.8103,0.7199,-9.0,-6.0
621,621,2020-01-17,OKC,MIA,108,115,1.0,-105,-115,216.5,0.6276,0.6825,-3.0,-4.5
622,622,2020-01-17,MEM,CLE,113,109,-9.0,-440,340,229.5,0.8259,0.778,-9.5,-8.0
623,623,2020-01-17,SA,ATL,120,121,-9.0,-450,350,231.0,0.8461,0.7022,-10.5,-5.5
624,624,2020-01-17,DAL,POR,120,112,-7.5,-360,280,228.5,0.7717,0.7894,-7.5,-8.0
625,625,2020-01-18,NO,LAC,130,133,5.5,190,-240,235.5,0.4689,0.4095,1.0,2.5
626,626,2020-01-18,BKN,MIL,97,117,11.0,450,-650,235.5,0.2362,0.2583,7.5,6.5
627,627,2020-01-18,BOS,PHX,119,123,-4.5,-200,170,220.5,0.8431,0.779,-10.5,-8.0
628,628,2020-01-18,ATL,DET,103,136,1.0,100,-120,227.5,0.5245,0.568,-0.5,-1.5
629,629,2020-01-18,NY,PHI,87,90,4.0,150,-180,218.5,0.2649,0.2936,6.5,5.5
630,630,2020-01-18,MIN,TOR,112,122,4.0,155,-185,224.5,0.3139,0.421,5.0,2.0
631,631,2020-01-18,CHI,CLE,118,116,-7.5,-350,275,215.0,0.7174,0.6986,-6.0,-5.0
632,632,2020-01-18,HOU,LAL,115,124,-3.5,-160,140,235.0,0.5592,0.7091,-1.5,-5.5
633,633,2020-01-18,GS,ORL,109,95,6.0,200,-250,214.0,0.4174,0.3423,2.0,4.0
634,634,2020-01-18,OKC,POR,119,106,-6.5,-270,220,216.0,0.7347,0.7979,-6.5,-8.5
635,635,2020-01-18,UTA,SAC,123,101,-9.0,-450,350,223.0,0.8497,0.818,-10.5,-9.5
636,636,2020-01-19,SA,MIA,107,102,1.5,100,-120,222.5,0.5319,0.4834,-1.0,0.5
637,637,2020-01-19,DEN,IND,107,115,1.0,-105,-115,213.5,0.6768,0.6869,-4.5,-5.0
638,638,2020-01-20,WAS,DET,106,100,0.0,-110,-110,232.0,,,,
639,639,2020-01-20,ATL,TOR,117,122,9.0,350,-450,231.0,0.2002,0.275,8.5,6.0
640,640,2020-01-20,BKN,PHI,111,117,2.5,120,-140,218.5,0.4155,0.3465,2.0,4.0
641,641,2020-01-20,MIA,SAC,118,113,-3.5,-155,135,221.0,0.8207,0.4819,-9.5,0.5
642,642,2020-01-20,MIL,CHI,111,98,-15.5,-2500,1100,225.5,0.9317,0.9205,-16.0,-15.0
643,643,2020-01-20,CLE,NY,86,106,1.5,100,-120,222.0,0.6658,0.6878,-4.5,-5.0
644,644,2020-01-20,CHA,ORL,83,106,3.5,140,-160,206.5,0.4836,0.3928,0.5,2.5
645,645,2020-01-20,MEM,NO,116,126,-3.5,-160,140,242.0,0.6751,0.6074,-4.5,-2.5
646,646,2020-01-20,HOU,OKC,107,112,-7.5,-310,250,230.5,0.6741,0.7885,-4.5,-8.0
647,647,2020-01-20,BOS,LAL,139,107,3.0,140,-160,226.5,0.5086,0.3914,0.0,2.5
648,648,2020-01-20,MIN,DEN,100,107,-3.5,-160,140,221.0,0.3925,0.7286,2.5,-6.0
649,649,2020-01-20,UTA,IND,118,88,-8.0,-400,300,215.5,0.7053,0.8165,-5.5,-9.5
650,650,2020-01-20,PHX,SA,118,120,-4.5,-190,160,230.0,0.4914,0.7691,0.0,-7.5
651,651,2020-01-20,POR,GS,129,124,-7.5,-330,260,222.0,0.7705,0.6197,-7.5,-3.0
652,652,2020-01-21,DAL,LAC,107,110,-2.5,-140,120,231.5,0.6309,0.6566,-3.5,-4.0
653,653,2020-01-22,DET,SAC,127,106,2.0,105,-125,222.0,0.6637,0.4217,-4.0,2.0
654,654,2020-01-22,ORL,OKC,114,120,-2.5,-140,120,210.0,0.5494,0.576,-1.0,-2.0
655,655,2020-01-22,MIA,WAS,134,129,-10.0,-600,425,229.0,0.848,0.6252,-10.5,-3.0
656,656,2020-01-22,NY,LAL,92,100,11.5,525,-750,224.0,0.2207,0.1515,8.0,10.5
657,657,2020-01-22,TOR,PHI,107,95,-6.0,-250,200,216.0,0.7131,0.675,-5.5,-4.5
658,658,2020-01-22,ATL,LAC,102,95,4.5,170,-200,228.0,0.2327,0.5332,7.5,-1.0
659,659,2020-01-22,BOS,MEM,119,95,-7.0,-280,230,232.5,0.7736,0.7908,-7.5,-8.5
660,660,2020-01-22,NO,SA,117,121,-3.5,-160,140,236.5,0.5948,0.7455,-2.5,-6.5
661,661,2020-01-22,HOU,DEN,121,105,-10.0,-550,400,227.0,0.6334,0.8034,-3.5,-8.5
662,662,2020-01-22,CHI,MIN,117,110,0.0,-110,-110,219.5,0.6328,0.4764,-3.5,0.5
663,663,2020-01-22,PHX,IND,87,112,1.0,-105,-115,221.5,0.4179,0.6289,2.0,-3.5
664,664,2020-01-22,GS,UTA,96,129,9.0,350,-450,220.5,0.264,0.279,6.5,6.0
665,665,2020-01-23,CLE,WAS,112,124,-2.5,-140,120,231.0,0.5225,0.5779,-0.5,-2.0
666,666,2020-01-23,BKN,LAL,113,128,5.5,200,-250,232.5,0.3217,0.3284,4.5,4.5
667,667,2020-01-23,POR,DAL,125,133,5.5,185,-230,227.0,0.4799,0.3717,0.5,3.5
668,668,2020-01-24,CHA,MIL,103,116,14.5,800,-1400,219.5,0.0986,0.0829,13.5,15.0
669,669,2020-01-24,ORL,BOS,98,109,-3.0,-150,130,213.0,0.4902,0.7247,0.0,-6.0
670,670,2020-01-24,DET,MEM,112,125,1.5,105,-125,231.5,0.5952,0.4093,-2.5,2.5
671,671,2020-01-24,NY,TOR,112,118,8.5,325,-425,217.5,0.2082,0.1931,8.5,9.0
672,672,2020-01-24,CHI,SAC,81,98,-1.5,-130,110,217.5,0.626,0.4856,-3.0,0.5
673,673,2020-01-24,MIA,LAC,117,122,2.0,115,-135,218.5,0.625,0.3987,-3.0,2.5
674,674,2020-01-24,MIN,HOU,124,131,5.5,200,-250,235.0,0.3617,0.4018,3.5,2.5
675,675,2020-01-24,NO,DEN,106,113,-4.0,-180,150,229.5,0.5107,0.6604,-0.5,-4.0
676,676,2020-01-24,OKC,ATL,140,111,-8.0,-400,300,231.0,0.8885,0.8685,-13.0,-11.5
677,677,2020-01-24,SA,PHX,99,103,-4.5,-200,170,225.5,0.798,0.6074,-8.5,-2.5
678,678,2020-01-24,GS,IND,118,129,6.5,220,-270,216.0,0.3215,0.4067,4.5,2.5
679,679,2020-01-25,UTA,DAL,112,107,-5.0,-210,175,226.5,0.7039,0.6981,-5.5,-5.0
680,680,2020-01-25,DET,BKN,111,121,2.5,120,-140,229.0,0.6607,0.4019,-4.0,2.5
681,681,2020-01-25,CLE,CHI,106,118,-1.0,-115,-105,210.5,0.5174,0.6785,-0.5,-4.5
682,682,2020-01-25,MIN,OKC,104,113,-1.5,-125,105,226.0,0.3573,0.7584,3.5,-7.0
683,683,2020-01-25,PHI,LAL,108,91,5.0,185,-230,217.5,0.5405,0.509,-1.0,0.0
684,684,2020-01-26,DEN,HOU,117,110,-2.5,-140,120,225.5,0.6251,0.5014,-3.0,0.0
685,685,2020-01-26,SA,TOR,106,110,3.5,145,-170,220.0,0.44,0.3642,1.5,3.5
686,686,2020-01-26,NO,BOS,123,108,-1.5,-125,105,233.0,0.4372,0.7125,1.5,-5.5
687,687,2020-01-26,MEM,PHX,114,109,-2.0,-135,115,229.5,0.748,0.5911,-6.5,-2.5
688,688,2020-01-26,ORL,LAC,97,112,3.0,135,-155,217.5,0.4727,0.5913,0.5,-2.5
689,689,2020-01-26,NY,BKN,110,97,-2.5,-140,120,219.5,0.4909,0.6257,0.0,-3.0
690,690,2020-01-26,ATL,WAS,152,133,-1.0,-115,-105,241.5,0.5303,0.493,-1.0,0.0
691,691,2020-01-26,POR,IND,139,129,-3.0,-150,130,221.0,0.4742,0.6632,0.5,-4.0
692,692,2020-01-27,DET,CLE,100,115,-7.0,-300,240,214.0,0.7981,0.686,-8.5,-5.0
693,693,2020-01-27,MIA,ORL,113,92,-6.5,-300,240,207.5,0.7611,0.5411,-7.0,-1.0
694,694,2020-01-27,OKC,DAL,97,107,5.0,185,-230,223.0,0.6349,0.4223,-3.5,2.0
695,695,2020-01-27,MIN,SAC,129,133,-3.0,-155,135,224.0,0.5738,0.7034,-2.0,-5.5
696,696,2020-01-27,CHI,SA,110,109,-1.5,-120,100,213.0,0.4642,0.6013,1.0,-2.5
697,697,2020-01-27,UTA,HOU,117,126,-14.5,-1600,900,221.0,0.7223,0.9122,-6.0,-14.5
698,698,2020-01-28,CHA,NY,97,92,-1.5,-120,100,209.0,0.6724,0.6212,-4.5,-3.0
699,699,2020-01-28,PHI,GS,115,104,-13.0,-1200,750,216.0,0.8861,0.8905,-12.5,-13.0
700,700,2020-01-28,MIA,BOS,101,109,-2.0,-135,115,218.5,0.6175,0.4891,-3.0,0.5
701,701,2020-01-28,CLE,NO,111,125,8.5,290,-380,232.0,0.3784,0.2579,3.0,6.5
702,702,2020-01-28,TOR,ATL,130,114,-13.0,-1200,750,234.5,0.9236,0.8964,-15.5,-13.5
703,703,2020-01-28,MEM,DEN,104,96,-1.5,-125,105,224.0,0.5115,0.4824,-0.5,0.5
704,704,2020-01-28,MIL,WAS,151,131,-11.5,-800,550,241.5,0.9359,0.8012,-16.5,-8.5
705,705,2020-01-28,DAL,PHX,104,133,-7.0,-310,250,228.5,0.8556,0.7258,-11.0,-6.0
706,706,2020-01-29,IND,CHI,115,106,-8.5,-425,325,215.0,0.8362,0.8204,-10.0,-9.5
707,707,2020-01-29,BKN,DET,125,115,-5.5,-250,200,226.0,0.6769,0.8047,-4.5,-9.0
708,708,2020-01-29,NY,MEM,106,127,2.5,120,-140,222.0,0.3945,0.4806,2.5,0.5
709,709,2020-01-29,SA,UTA,127,120,5.0,190,-240,221.5,0.4578,0.3569,1.0,3.5
710,710,2020-01-29,SAC,OKC,100,120,2.5,120,-140,219.0,0.4361,0.508,1.5,0.0
711,711,2020-01-29,POR,HOU,125,112,5.0,180,-220,242.0,0.4649,0.4699,1.0,0.5
712,712,2020-01-30,CLE,TOR,109,115,9.5,400,-550,223.5,0.1713,0.326,10.0,4.5
713,713,2020-01-30,WAS,CHA,121,107,-4.0,-180,150,227.0,,,,
714,714,2020-01-30,ATL,PHI,127,117,6.0,210,-260,228.5,0.2714,0.3421,6.0,4.0
715,715,2020-01-30,BOS,GS,119,104,-13.5,-1200,750,224.5,0.8942,0.8382,-13.0,-10.0
716,716,2020-01-30,LAC,SAC,103,124,-14.0,-1500,850,224.0,0.8493,0.8789,-10.5,-12.5
717,717,2020-01-30,DEN,UTA,106,100,3.0,130,-150,215.5,0.5733,0.6786,-2.0,-4.5
718,718,2020-01-31,DET,TOR,92,105,4.0,150,-180,222.0,0.2538,0.4158,6.5,2.0
719,719,2020-01-31,BKN,CHI,133,118,-5.5,-240,190,219.0,0.6822,0.8039,-4.5,-9.0
720,720,2020-01-31,HOU,DAL,128,121,-8.0,-380,290,238.0,0.6773,0.757,-4.5,-7.0
721,721,2020-01-31,NO,MEM,139,111,-7.5,-330,260,242.0,0.6126,0.8421,-3.0,-10.5
722,722,2020-01-31,PHX,OKC,107,111,0.0,-110,-110,223.0,0.4399,0.5345,1.5,-1.0
723,723,2020-01-31,MIL,DEN,115,127,-13.0,-1100,700,226.0,0.8201,0.8065,-9.5,-9.0
724,724,2020-01-31,LAL,POR,119,127,-13.0,-1200,750,232.5,0.8109,0.8454,-9.0,-10.5
725,725,2020-02-01,LAC,MIN,118,106,-10.5,-650,450,230.5,0.8578,0.8443,-11.0,-10.5
726,726,2020-02-01,ORL,MIA,89,102,2.5,120,-140,209.5,0.4953,0.65,0.0,-4.0
727,727,2020-02-01,IND,NY,85,92,-11.0,-700,500,213.0,0.8881,0.8856,-13.0,-12.5
728,728,2020-02-01,WAS,BKN,113,107,1.5,110,-130,242.0,,,,
729,729,2020-02-01,CLE,GS,112,131,-2.0,-135,115,224.5,0.573,0.6362,-2.0,-3.5
730,730,2020-02-01,BOS,PHI,116,95,1.5,100,-120,213.0,0.6791,0.4236,-4.5,2.0
731,731,2020-02-01,DAL,ATL,123,100,-4.5,-200,170,236.5,0.8553,0.7617,-11.0,-7.0
732,732,2020-02-01,SA,CHA,114,90,-8.0,-425,325,214.5,0.8184,0.7943,-9.5,-8.5
733,733,2020-02-01,POR,UTA,124,107,6.5,220,-270,228.5,0.4849,0.4081,0.5,2.5
734,734,2020-02-01,SAC,LAL,113,129,7.0,240,-300,226.5,0.4005,0.4318,2.5,1.5
735,735,2020-02-02,DET,DEN,128,123,2.5,125,-145,211.5,0.3164,0.3592,5.0,3.5
736,736,2020-02-02,HOU,NO,117,109,-5.0,-220,180,251.0,0.7414,0.7175,-6.5,-6.0
737,737,2020-02-02,MIL,PHX,129,108,-12.5,-1000,650,233.5,0.8996,0.8789,-13.5,-12.5
738,738,2020-02-02,TOR,CHI,129,102,-10.0,-600,425,215.5,0.9055,0.8856,-14.0,-12.5
739,739,2020-02-03,CLE,NY,134,139,2.5,115,-135,216.5,0.5471,0.6695,-1.0,-4.5
740,740,2020-02-03,WAS,GS,117,125,-6.5,-270,220,234.0,,,,
741,741,2020-02-03,IND,DAL,103,112,-5.5,-220,180,212.5,0.6347,0.638,-3.5,-3.5
742,742,2020-02-03,CHA,ORL,100,112,5.0,175,-210,203.5,0.4912,0.355,0.0,3.5
743,743,2020-02-03,BKN,PHX,119,97,-2.0,-135,115,224.5,0.6161,0.6004,-3.0,-2.5
744,744,2020-02-03,MIA,PHI,137,106,-2.5,-140,120,211.0,0.6521,0.4782,-4.0,0.5
745,745,2020-02-03,ATL,BOS,115,123,6.0,210,-260,232.0,0.261,0.5061,6.5,0.0
746,746,2020-02-03,MEM,DET,96,82,-9.0,-500,375,224.0,0.7758,0.8008,-7.5,-8.5
747,747,2020-02-03,SAC,MIN,113,109,-1.0,-115,-105,225.5,0.7377,0.5843,-6.5,-2.0
748,748,2020-02-03,LAC,SA,108,105,-9.0,-500,375,229.0,0.7168,0.8811,-6.0,-12.5
749,749,2020-02-04,NO,MIL,108,120,6.5,225,-275,245.0,0.3347,0.5191,4.5,-0.5
750,750,2020-02-04,HOU,CHA,125,110,-13.0,-1200,750,223.0,0.8885,0.9329,-13.0,-16.5
751,751,2020-02-04,DEN,POR,127,99,-4.5,-185,155,226.0,0.7299,0.7715,-6.0,-7.5
752,752,2020-02-04,LAL,SA,129,102,-10.5,-700,500,226.5,0.7778,0.8676,-8.0,-11.5
753,753,2020-02-05,DET,PHX,116,108,3.0,130,-150,217.5,0.5757,0.4276,-2.0,2.0
754,754,2020-02-05,BKN,GS,129,88,-6.5,-275,225,222.5,0.7198,0.6631,-6.0,-4.0
755,755,2020-02-05,TOR,IND,119,118,-5.5,-240,190,216.0,0.7934,0.7221,-8.5,-6.0
756,756,2020-02-05,BOS,ORL,116,100,-5.5,-240,190,209.5,0.8179,0.4636,-9.5,1.0
757,757,2020-02-05,MIN,ATL,120,127,-4.5,-190,160,239.5,0.6715,0.739,-4.5,-6.5
758,758,2020-02-05,OKC,CLE,109,103,-13.5,-1200,750,222.0,0.9236,0.8809,-15.5,-12.5
759,759,2020-02-05,DAL,MEM,107,121,-4.5,-200,170,225.5,0.7232,0.739,-6.0,-6.5
760,760,2020-02-05,UTA,DEN,95,98,-10.0,-480,365,215.0,0.6368,0.699,-3.5,-5.0
761,761,2020-02-05,LAC,MIA,128,111,-6.5,-275,225,224.5,0.6252,0.8233,-3.0,-9.5
762,762,2020-02-06,NY,ORL,105,103,3.5,145,-170,208.0,0.476,0.377,0.5,3.0
763,763,2020-02-06,CHI,NO,119,125,6.0,190,-240,230.5,0.4677,0.2376,1.0,7.0
764,764,2020-02-06,MIL,PHI,112,101,-9.0,-500,375,228.0,0.8291,0.6738,-10.0,-4.5
765,765,2020-02-06,POR,SA,125,117,-3.5,-160,140,228.0,0.6454,0.6702,-3.5,-4.5
766,766,2020-02-06,LAL,HOU,111,121,-6.5,-275,225,240.0,0.6958,0.698,-5.0,-5.0
767,767,2020-02-07,WAS,DAL,119,118,3.0,140,-160,234.0,,,,
768,768,2020-02-07,PHI,MEM,119,107,-6.0,-240,190,222.5,0.6769,0.8413,-4.5,-10.5
769,769,2020-02-07,BOS,ATL,112,107,-12.5,-750,525,225.0,0.8995,0.7587,-13.5,-7.0
770,770,2020-02-07,OKC,DET,108,101,-13.0,-1000,650,214.5,0.8551,0.9402,-11.0,-17.0
771,771,2020-02-07,IND,TOR,106,115,-1.0,-120,100,217.5,0.4475,0.5088,1.5,0.0
772,772,2020-02-07,PHX,HOU,127,91,2.5,120,-140,234.5,0.3645,0.5315,3.5,-1.0
773,773,2020-02-07,SAC,MIA,105,97,1.0,-105,-115,219.5,0.4447,0.6674,1.5,-4.5
774,774,2020-02-07,UTA,POR,117,114,-10.5,-500,375,230.5,0.734,0.831,-6.5,-10.0
775,775,2020-02-08,ORL,MIL,95,111,8.5,300,-400,221.0,0.2625,0.3855,6.5,3.0
776,776,2020-02-08,DET,NY,92,95,1.5,105,-125,212.0,0.6855,0.5168,-5.0,-0.5
777,777,2020-02-08,CHA,DAL,100,116,3.5,140,-160,212.0,0.3455,0.3563,4.0,3.5
778,778,2020-02-08,IND,NO,117,124,-5.0,-210,175,224.0,0.6728,0.5005,-4.5,0.0
779,779,2020-02-08,TOR,BKN,119,118,-6.0,-265,215,218.0,0.8744,0.826,-12.0,-9.5
780,780,2020-02-08,MIN,LAC,142,115,9.5,375,-500,233.0,0.3015,0.1939,5.0,9.0
781,781,2020-02-08,GS,LAL,120,125,14.0,900,-1600,224.5,0.2727,0.0938,6.0,14.0
782,782,2020-02-08,PHX,DEN,108,117,3.5,150,-180,218.0,0.4134,0.4645,2.0,1.0
783,783,2020-02-08,SAC,SA,122,102,2.5,120,-140,222.5,0.576,0.6259,-2.0,-3.0
784,784,2020-02-09,OKC,BOS,111,112,1.5,105,-125,219.5,0.5933,0.6693,-2.5,-4.5
785,785,2020-02-09,ATL,NY,140,135,-5.0,-200,170,226.5,0.6275,0.7895,-3.0,-8.0
786,786,2020-02-09,PHI,CHI,118,111,-11.0,-675,475,213.5,0.8434,0.9298,-10.5,-16.0
787,787,2020-02-09,WAS,MEM,99,106,2.5,125,-145,240.5,,,,
788,788,2020-02-09,HOU,UTA,113,114,-2.5,-145,125,233.5,0.6162,0.7629,-3.0,-7.0
789,789,2020-02-09,CLE,LAC,92,133,6.0,200,-250,231.5,0.2378,0.2078,7.0,8.5
790,790,2020-02-09,POR,MIA,115,109,-5.5,-220,180,226.5,0.5606,0.693,-1.5,-5.0
